Cell.Line,Cell.ID,Lot.Number,Treatment,Time.Point,Replicate,Sub.experiment,Batch,WG.Plate,factor1,factor2,Iso.Order,Iso.Row,Iso.Col,RNAYield(ug),Label.Order,Label.Row,Label.Col
SEN,D,#1366434,Control,72,1,1,1,1,Control.72.SEN,Control.72.D,1,A,1,,14,F,2
Adult,G,#1528526,Control,12,1,1,1,1,Control.12.Adult,Control.12.G,2,B,1,,33,A,5
Adult,G,#1528526,TGFb,48,1,1,1,1,TGFb.48.Adult,TGFb.48.G,3,C,1,,18,B,3
HDFn,A,#1366434,TGFb,24,1,1,1,1,TGFb.24.HDFn,TGFb.24.A,4,D,1,,62,F,8
Adult,G,#1528526,Control,0.5,1,1,1,1,Control.0.5.Adult,Control.0.5.G,5,E,1,,13,E,2
SEN,D,#1366434,TGFb,24,1,1,1,1,TGFb.24.SEN,TGFb.24.D,6,F,1,,8,H,1
SEN,D,#1366434,TGFb,48,1,1,1,1,TGFb.48.SEN,TGFb.48.D,7,G,1,,50,B,7
Adult,G,#1528526,TGFb,2,1,1,1,1,TGFb.2.Adult,TGFb.2.G,8,H,1,,11,C,2
Adult,G,#1528526,Control,2,1,1,1,1,Control.2.Adult,Control.2.G,9,A,2,,34,B,5
Adult,G,#1528526,Control,96,1,1,1,1,Control.96.Adult,Control.96.G,10,B,2,,58,B,8
SEN,D,#1366434,Control,24,1,1,1,1,Control.24.SEN,Control.24.D,11,C,2,,29,E,4
HDFn,A,#1366434,TGFb,96,1,1,1,1,TGFb.96.HDFn,TGFb.96.A,12,D,2,,20,D,3
Adult,G,#1528526,TGFb,1,1,1,1,1,TGFb.1.Adult,TGFb.1.G,13,E,2,,41,A,6
Adult,G,#1528526,Control,4,1,1,1,1,Control.4.Adult,Control.4.G,14,F,2,,57,A,8
HDFn,A,#1366434,TGFb,72,1,1,1,1,TGFb.72.HDFn,TGFb.72.A,15,G,2,,5,E,1
HDFn,A,#1366434,Control,0.5,1,1,1,1,Control.0.5.HDFn,Control.0.5.A,16,H,2,,31,G,4
Adult,G,#1528526,TGFb,3,1,1,1,1,TGFb.3.Adult,TGFb.3.G,17,A,3,,46,F,6
Adult,G,#1528526,TGFb,96,1,1,1,1,TGFb.96.Adult,TGFb.96.G,18,B,3,,30,F,4
SEN,D,#1366434,Control,4,1,1,1,1,Control.4.SEN,Control.4.D,19,C,3,,54,F,7
Adult,G,#1528526,Control,48,1,1,1,1,Control.48.Adult,Control.48.G,20,D,3,,70,F,9
SEN,D,#1366434,TGFb,4,1,1,1,1,TGFb.4.SEN,TGFb.4.D,21,E,3,,45,E,6
SEN,D,#1366434,Control,96,1,1,1,1,Control.96.SEN,Control.96.D,22,F,3,,16,H,2
SEN,D,#1366434,Control,3,1,1,1,1,Control.3.SEN,Control.3.D,23,G,3,,42,B,6
SEN,D,#1366434,Control,12,1,1,1,1,Control.12.SEN,Control.12.D,24,H,3,,22,F,3
Adult,G,#1528526,Baseline,96,1,1,1,1,Baseline.96.Adult,Baseline.96.G,25,A,4,,26,B,4
SEN,D,#1366434,TGFb,2,1,1,1,1,TGFb.2.SEN,TGFb.2.D,26,B,4,,27,C,4
HDFn,A,#1366434,Control,1,1,1,1,1,Control.1.HDFn,Control.1.A,27,C,4,,68,D,9
SEN,D,#1366434,TGFb,96,1,1,1,1,TGFb.96.SEN,TGFb.96.D,28,D,4,,12,D,2
Adult,G,#1528526,TGFb,8,1,1,1,1,TGFb.8.Adult,TGFb.8.G,29,E,4,,32,H,4
Adult,G,#1528526,TGFb,0.5,1,1,1,1,TGFb.0.5.Adult,TGFb.0.5.G,30,F,4,,1,A,1
HDFn,A,#1366434,Control,48,1,1,1,1,Control.48.HDFn,Control.48.A,31,G,4,,23,G,3
HDFn,A,#1366434,Control,2,1,1,1,1,Control.2.HDFn,Control.2.A,32,H,4,,24,H,3
Adult,G,#1528526,Control,24,1,1,1,1,Control.24.Adult,Control.24.G,33,A,5,,19,C,3
SEN,D,#1366434,TGFb,0.5,1,1,1,1,TGFb.0.5.SEN,TGFb.0.5.D,34,B,5,,66,B,9
HDFn,A,#1366434,TGFb,12,1,1,1,1,TGFb.12.HDFn,TGFb.12.A,35,C,5,,25,A,4
HDFn,A,#1366434,Control,12,1,1,1,1,Control.12.HDFn,Control.12.A,36,D,5,,59,C,8
HDFn,A,#1366434,TGFb,0.5,1,1,1,1,TGFb.0.5.HDFn,TGFb.0.5.A,37,E,5,,52,D,7
SEN,D,#1366434,Baseline,96,1,1,1,1,Baseline.96.SEN,Baseline.96.D,38,F,5,,28,D,4
Adult,G,#1528526,TGFb,24,1,1,1,1,TGFb.24.Adult,TGFb.24.G,39,G,5,,38,F,5
HDFn,A,#1366434,Control,3,1,1,1,1,Control.3.HDFn,Control.3.A,40,H,5,,55,G,7
SEN,D,#1366434,Control,8,1,1,1,1,Control.8.SEN,Control.8.D,41,A,6,,56,H,7
SEN,D,#1366434,TGFb,72,1,1,1,1,TGFb.72.SEN,TGFb.72.D,42,B,6,,47,G,6
SEN,D,#1366434,Control,48,1,1,1,1,Control.48.SEN,Control.48.D,43,C,6,,40,H,5
SEN,D,#1366434,TGFb,8,1,1,1,1,TGFb.8.SEN,TGFb.8.D,44,D,6,,61,E,8
SEN,D,#1366434,TGFb,1,1,1,1,1,TGFb.1.SEN,TGFb.1.D,45,E,6,,44,D,6
HDFn,A,#1366434,TGFb,1,1,1,1,1,TGFb.1.HDFn,TGFb.1.A,46,F,6,,48,H,6
SEN,D,#1366434,TGFb,3,1,1,1,1,TGFb.3.SEN,TGFb.3.D,47,G,6,,7,G,1
HDFn,A,#1366434,Control,96,1,1,1,1,Control.96.HDFn,Control.96.A,48,H,6,,65,A,9
Adult,G,#1528526,Control,1,1,1,1,1,Control.1.Adult,Control.1.G,49,A,7,,6,F,1
Adult,G,#1528526,Control,8,1,1,1,1,Control.8.Adult,Control.8.G,50,B,7,,64,H,8
HDFn,A,#1366434,TGFb,48,1,1,1,1,TGFb.48.HDFn,TGFb.48.A,51,C,7,,71,G,9
HDFn,A,#1366434,Control,8,1,1,1,1,Control.8.HDFn,Control.8.A,52,D,7,,2,B,1
HDFn,A,#1366434,Baseline,96,1,1,1,1,Baseline.96.HDFn,Baseline.96.A,53,E,7,,15,G,2
SEN,D,#1366434,Control,0.5,1,1,1,1,Control.0.5.SEN,Control.0.5.D,54,F,7,,3,C,1
SEN,D,#1366434,Control,1,1,1,1,1,Control.1.SEN,Control.1.D,55,G,7,,72,H,9
HDFn,A,#1366434,TGFb,2,1,1,1,1,TGFb.2.HDFn,TGFb.2.A,56,H,7,,69,E,9
HDFn,A,#1366434,TGFb,3,1,1,1,1,TGFb.3.HDFn,TGFb.3.A,57,A,8,,37,E,5
HDFn,A,#1366434,Control,4,1,1,1,1,Control.4.HDFn,Control.4.A,58,B,8,,51,C,7
HDFn,A,#1366434,Control,24,1,1,1,1,Control.24.HDFn,Control.24.A,59,C,8,,36,D,5
SEN,D,#1366434,TGFb,12,1,1,1,1,TGFb.12.SEN,TGFb.12.D,60,D,8,,43,C,6
HDFn,A,#1366434,TGFb,8,1,1,1,1,TGFb.8.HDFn,TGFb.8.A,61,E,8,,60,D,8
HDFn,A,#1366434,TGFb,4,1,1,1,1,TGFb.4.HDFn,TGFb.4.A,62,F,8,,21,E,3
Adult,G,#1528526,TGFb,4,1,1,1,1,TGFb.4.Adult,TGFb.4.G,63,G,8,,67,C,9
Adult,G,#1528526,Control,3,1,1,1,1,Control.3.Adult,Control.3.G,64,H,8,,35,C,5
SEN,D,#1366434,Baseline,0,1,1,1,1,Baseline.0.SEN,Baseline.0.D,65,A,9,,39,G,5
Adult,G,#1528526,Control,72,1,1,1,1,Control.72.Adult,Control.72.G,66,B,9,,9,A,2
Adult,G,#1528526,TGFb,72,1,1,1,1,TGFb.72.Adult,TGFb.72.G,67,C,9,,53,E,7
HDFn,A,#1366434,Baseline,0,1,1,1,1,Baseline.0.HDFn,Baseline.0.A,68,D,9,,63,G,8
Adult,G,#1528526,Baseline,0,1,1,1,1,Baseline.0.Adult,Baseline.0.G,69,E,9,,10,B,2
SEN,D,#1366434,Control,2,1,1,1,1,Control.2.SEN,Control.2.D,70,F,9,,17,A,3
HDFn,A,#1366434,Control,72,1,1,1,1,Control.72.HDFn,Control.72.A,71,G,9,,4,D,1
Adult,G,#1528526,TGFb,12,1,1,1,1,TGFb.12.Adult,TGFb.12.G,72,H,9,,49,A,7
Adult,H,#1090465,Control,2,1,2,7,2,Control.2.Adult,Control.2.H,1,A,1,,41,A,6
Adult,H,#1090465,TGFb,24,1,2,7,2,TGFb.24.Adult,TGFb.24.H,2,B,1,,26,B,4
HDFn,B,#1366356,Control,48,1,2,7,2,Control.48.HDFn,Control.48.B,3,C,1,,28,D,4
SEN,E,#1366356,TGFb,8,1,2,7,2,TGFb.8.SEN,TGFb.8.E,4,D,1,,23,G,3
Adult,H,#1090465,Control,72,1,2,7,2,Control.72.Adult,Control.72.H,5,E,1,,25,A,4
Adult,H,#1090465,TGFb,4,1,2,7,2,TGFb.4.Adult,TGFb.4.H,6,F,1,,17,A,3
Adult,H,#1090465,TGFb,96,1,2,7,2,TGFb.96.Adult,TGFb.96.H,7,G,1,,60,D,8
HDFn,B,#1366356,TGFb,48,1,2,7,2,TGFb.48.HDFn,TGFb.48.B,8,H,1,,45,E,6
SEN,E,#1366356,TGFb,2,1,2,7,2,TGFb.2.SEN,TGFb.2.E,9,A,2,,19,C,3
SEN,E,#1366356,Control,1,1,2,7,2,Control.1.SEN,Control.1.E,10,B,2,,9,A,2
HDFn,B,#1366356,Baseline,96,1,2,7,2,Baseline.96.HDFn,Baseline.96.B,11,C,2,,47,G,6
HDFn,B,#1366356,TGFb,1,1,2,7,2,TGFb.1.HDFn,TGFb.1.B,12,D,2,,49,A,7
SEN,E,#1366356,TGFb,24,1,2,7,2,TGFb.24.SEN,TGFb.24.E,13,E,2,,14,F,2
Adult,H,#1090465,Control,3,1,2,7,2,Control.3.Adult,Control.3.H,14,F,2,,64,H,8
HDFn,B,#1366356,Control,2,1,2,7,2,Control.2.HDFn,Control.2.B,15,G,2,,59,C,8
SEN,E,#1366356,Baseline,0,1,2,7,2,Baseline.0.SEN,Baseline.0.E,16,H,2,,29,E,4
SEN,E,#1366356,Control,72,1,2,7,2,Control.72.SEN,Control.72.E,17,A,3,,70,F,9
HDFn,B,#1366356,Control,4,1,2,7,2,Control.4.HDFn,Control.4.B,18,B,3,,24,H,3
Adult,H,#1090465,TGFb,0.5,1,2,7,2,TGFb.0.5.Adult,TGFb.0.5.H,19,C,3,,54,F,7
Adult,H,#1090465,Control,12,1,2,7,2,Control.12.Adult,Control.12.H,20,D,3,,13,E,2
Adult,H,#1090465,Control,0.5,1,2,7,2,Control.0.5.Adult,Control.0.5.H,21,E,3,,61,E,8
Adult,H,#1090465,TGFb,8,1,2,7,2,TGFb.8.Adult,TGFb.8.H,22,F,3,,11,C,2
SEN,E,#1366356,TGFb,3,1,2,7,2,TGFb.3.SEN,TGFb.3.E,23,G,3,,46,F,6
Adult,H,#1090465,Control,96,1,2,7,2,Control.96.Adult,Control.96.H,24,H,3,,38,F,5
HDFn,B,#1366356,Control,12,1,2,7,2,Control.12.HDFn,Control.12.B,25,A,4,,71,G,9
HDFn,B,#1366356,Control,8,1,2,7,2,Control.8.HDFn,Control.8.B,26,B,4,,67,C,9
HDFn,B,#1366356,Baseline,0,1,2,7,2,Baseline.0.HDFn,Baseline.0.B,27,C,4,,43,C,6
SEN,E,#1366356,Control,0.5,1,2,7,2,Control.0.5.SEN,Control.0.5.E,28,D,4,,39,G,5
Adult,H,#1090465,Control,4,1,2,7,2,Control.4.Adult,Control.4.H,29,E,4,,36,D,5
HDFn,B,#1366356,TGFb,4,1,2,7,2,TGFb.4.HDFn,TGFb.4.B,30,F,4,,48,H,6
SEN,E,#1366356,Control,12,1,2,7,2,Control.12.SEN,Control.12.E,31,G,4,,7,G,1
Adult,H,#1090465,TGFb,12,1,2,7,2,TGFb.12.Adult,TGFb.12.H,32,H,4,,62,F,8
HDFn,B,#1366356,TGFb,96,1,2,7,2,TGFb.96.HDFn,TGFb.96.B,33,A,5,,50,B,7
SEN,E,#1366356,Baseline,96,1,2,7,2,Baseline.96.SEN,Baseline.96.E,34,B,5,,22,F,3
Adult,H,#1090465,Baseline,96,1,2,7,2,Baseline.96.Adult,Baseline.96.H,35,C,5,,68,D,9
Adult,H,#1090465,TGFb,1,1,2,7,2,TGFb.1.Adult,TGFb.1.H,36,D,5,,53,E,7
HDFn,B,#1366356,TGFb,12,1,2,7,2,TGFb.12.HDFn,TGFb.12.B,37,E,5,,65,A,9
HDFn,B,#1366356,TGFb,0.5,1,2,7,2,TGFb.0.5.HDFn,TGFb.0.5.B,38,F,5,,34,B,5
SEN,E,#1366356,Control,24,1,2,7,2,Control.24.SEN,Control.24.E,39,G,5,,63,G,8
SEN,E,#1366356,Control,3,1,2,7,2,Control.3.SEN,Control.3.E,40,H,5,,58,B,8
SEN,E,#1366356,Control,96,1,2,7,2,Control.96.SEN,Control.96.E,41,A,6,,27,C,4
HDFn,B,#1366356,TGFb,2,1,2,7,2,TGFb.2.HDFn,TGFb.2.B,42,B,6,,56,H,7
SEN,E,#1366356,Control,8,1,2,7,2,Control.8.SEN,Control.8.E,43,C,6,,20,D,3
Adult,H,#1090465,Control,1,1,2,7,2,Control.1.Adult,Control.1.H,44,D,6,,32,H,4
SEN,E,#1366356,TGFb,4,1,2,7,2,TGFb.4.SEN,TGFb.4.E,45,E,6,,52,D,7
Adult,H,#1090465,Baseline,0,1,2,7,2,Baseline.0.Adult,Baseline.0.H,46,F,6,,37,E,5
HDFn,B,#1366356,TGFb,3,1,2,7,2,TGFb.3.HDFn,TGFb.3.B,47,G,6,,2,B,1
SEN,E,#1366356,TGFb,72,1,2,7,2,TGFb.72.SEN,TGFb.72.E,48,H,6,,4,D,1
Adult,H,#1090465,TGFb,72,1,2,7,2,TGFb.72.Adult,TGFb.72.H,49,A,7,,21,E,3
HDFn,B,#1366356,TGFb,24,1,2,7,2,TGFb.24.HDFn,TGFb.24.B,50,B,7,,72,H,9
Adult,H,#1090465,TGFb,3,1,2,7,2,TGFb.3.Adult,TGFb.3.H,51,C,7,,57,A,8
Adult,H,#1090465,TGFb,48,1,2,7,2,TGFb.48.Adult,TGFb.48.H,52,D,7,,55,G,7
HDFn,B,#1366356,Control,96,1,2,7,2,Control.96.HDFn,Control.96.B,53,E,7,,31,G,4
SEN,E,#1366356,TGFb,96,1,2,7,2,TGFb.96.SEN,TGFb.96.E,54,F,7,,18,B,3
HDFn,B,#1366356,TGFb,72,1,2,7,2,TGFb.72.HDFn,TGFb.72.B,55,G,7,,42,B,6
HDFn,B,#1366356,Control,72,1,2,7,2,Control.72.HDFn,Control.72.B,56,H,7,,15,G,2
SEN,E,#1366356,TGFb,0.5,1,2,7,2,TGFb.0.5.SEN,TGFb.0.5.E,57,A,8,,35,C,5
Adult,H,#1090465,TGFb,2,1,2,7,2,TGFb.2.Adult,TGFb.2.H,58,B,8,,33,A,5
SEN,E,#1366356,TGFb,12,1,2,7,2,TGFb.12.SEN,TGFb.12.E,59,C,8,,5,E,1
Adult,H,#1090465,Control,8,1,2,7,2,Control.8.Adult,Control.8.H,60,D,8,,69,E,9
SEN,E,#1366356,Control,2,1,2,7,2,Control.2.SEN,Control.2.E,61,E,8,,6,F,1
HDFn,B,#1366356,TGFb,8,1,2,7,2,TGFb.8.HDFn,TGFb.8.B,62,F,8,,51,C,7
HDFn,B,#1366356,Control,1,1,2,7,2,Control.1.HDFn,Control.1.B,63,G,8,,30,F,4
SEN,E,#1366356,TGFb,1,1,2,7,2,TGFb.1.SEN,TGFb.1.E,64,H,8,,8,H,1
SEN,E,#1366356,Control,4,1,2,7,2,Control.4.SEN,Control.4.E,65,A,9,,12,D,2
HDFn,B,#1366356,Control,3,1,2,7,2,Control.3.HDFn,Control.3.B,66,B,9,,66,B,9
Adult,H,#1090465,Control,24,1,2,7,2,Control.24.Adult,Control.24.H,67,C,9,,1,A,1
SEN,E,#1366356,Control,48,1,2,7,2,Control.48.SEN,Control.48.E,68,D,9,,3,C,1
SEN,E,#1366356,TGFb,48,1,2,7,2,TGFb.48.SEN,TGFb.48.E,69,E,9,,40,H,5
Adult,H,#1090465,Control,48,1,2,7,2,Control.48.Adult,Control.48.H,70,F,9,,16,H,2
HDFn,B,#1366356,Control,0.5,1,2,7,2,Control.0.5.HDFn,Control.0.5.B,71,G,9,,10,B,2
HDFn,B,#1366356,Control,24,1,2,7,2,Control.24.HDFn,Control.24.B,72,H,9,,44,D,6
SEN,F,#1206197,Control,24,1,3,13,3,Control.24.SEN,Control.24.F,1,A,1,,33,A,5
Adult,I,#200910-901,Control,1,1,3,13,3,Control.1.Adult,Control.1.I,2,B,1,,56,H,7
Adult,I,#200910-901,TGFb,4,1,3,13,3,TGFb.4.Adult,TGFb.4.I,3,C,1,,55,G,7
Adult,I,#200910-901,Control,0.5,1,3,13,3,Control.0.5.Adult,Control.0.5.I,4,D,1,,49,A,7
Adult,I,#200910-901,Control,96,1,3,13,3,Control.96.Adult,Control.96.I,5,E,1,,21,E,3
SEN,F,#1206197,Baseline,0,1,3,13,3,Baseline.0.SEN,Baseline.0.F,6,F,1,,6,F,1
Adult,I,#200910-901,Control,8,1,3,13,3,Control.8.Adult,Control.8.I,7,G,1,,68,D,9
SEN,F,#1206197,TGFb,96,1,3,13,3,TGFb.96.SEN,TGFb.96.F,8,H,1,,34,B,5
Adult,I,#200910-901,TGFb,1,1,3,13,3,TGFb.1.Adult,TGFb.1.I,9,A,2,,53,E,7
Adult,I,#200910-901,TGFb,3,1,3,13,3,TGFb.3.Adult,TGFb.3.I,10,B,2,,14,F,2
SEN,F,#1206197,Baseline,96,1,3,13,3,Baseline.96.SEN,Baseline.96.F,11,C,2,,50,B,7
HDFn,C,#1206197,Control,8,1,3,13,3,Control.8.HDFn,Control.8.C,12,D,2,,38,F,5
HDFn,C,#1206197,TGFb,1,1,3,13,3,TGFb.1.HDFn,TGFb.1.C,13,E,2,,58,B,8
Adult,I,#200910-901,TGFb,96,1,3,13,3,TGFb.96.Adult,TGFb.96.I,14,F,2,,22,F,3
SEN,F,#1206197,TGFb,0.5,1,3,13,3,TGFb.0.5.SEN,TGFb.0.5.F,15,G,2,,71,G,9
Adult,I,#200910-901,TGFb,48,1,3,13,3,TGFb.48.Adult,TGFb.48.I,16,H,2,,5,E,1
SEN,F,#1206197,TGFb,48,1,3,13,3,TGFb.48.SEN,TGFb.48.F,17,A,3,,18,B,3
SEN,F,#1206197,TGFb,2,1,3,13,3,TGFb.2.SEN,TGFb.2.F,18,B,3,,46,F,6
HDFn,C,#1206197,TGFb,0.5,1,3,13,3,TGFb.0.5.HDFn,TGFb.0.5.C,19,C,3,,67,C,9
HDFn,C,#1206197,Control,72,1,3,13,3,Control.72.HDFn,Control.72.C,20,D,3,,15,G,2
SEN,F,#1206197,Control,8,1,3,13,3,Control.8.SEN,Control.8.F,21,E,3,,11,C,2
SEN,F,#1206197,TGFb,3,1,3,13,3,TGFb.3.SEN,TGFb.3.F,22,F,3,,62,F,8
SEN,F,#1206197,Control,72,1,3,13,3,Control.72.SEN,Control.72.F,23,G,3,,10,B,2
Adult,I,#200910-901,Control,4,1,3,13,3,Control.4.Adult,Control.4.I,24,H,3,,2,B,1
SEN,F,#1206197,TGFb,4,1,3,13,3,TGFb.4.SEN,TGFb.4.F,25,A,4,,27,C,4
HDFn,C,#1206197,TGFb,48,1,3,13,3,TGFb.48.HDFn,TGFb.48.C,26,B,4,,32,H,4
HDFn,C,#1206197,Control,1,1,3,13,3,Control.1.HDFn,Control.1.C,27,C,4,,16,H,2
HDFn,C,#1206197,TGFb,24,1,3,13,3,TGFb.24.HDFn,TGFb.24.C,28,D,4,,23,G,3
Adult,I,#200910-901,TGFb,12,1,3,13,3,TGFb.12.Adult,TGFb.12.I,29,E,4,,59,C,8
SEN,F,#1206197,Control,0.5,1,3,13,3,Control.0.5.SEN,Control.0.5.F,30,F,4,,52,D,7
SEN,F,#1206197,Control,3,1,3,13,3,Control.3.SEN,Control.3.F,31,G,4,,72,H,9
SEN,F,#1206197,TGFb,8,1,3,13,3,TGFb.8.SEN,TGFb.8.F,32,H,4,,7,G,1
HDFn,C,#1206197,Control,48,1,3,13,3,Control.48.HDFn,Control.48.C,33,A,5,,66,B,9
SEN,F,#1206197,Control,4,1,3,13,3,Control.4.SEN,Control.4.F,34,B,5,,48,H,6
SEN,F,#1206197,TGFb,12,1,3,13,3,TGFb.12.SEN,TGFb.12.F,35,C,5,,70,F,9
SEN,F,#1206197,Control,2,1,3,13,3,Control.2.SEN,Control.2.F,36,D,5,,64,H,8
HDFn,C,#1206197,TGFb,3,1,3,13,3,TGFb.3.HDFn,TGFb.3.C,37,E,5,,17,A,3
HDFn,C,#1206197,Control,3,1,3,13,3,Control.3.HDFn,Control.3.C,38,F,5,,31,G,4
Adult,I,#200910-901,TGFb,8,1,3,13,3,TGFb.8.Adult,TGFb.8.I,39,G,5,,1,A,1
HDFn,C,#1206197,TGFb,12,1,3,13,3,TGFb.12.HDFn,TGFb.12.C,40,H,5,,19,C,3
Adult,I,#200910-901,Control,24,1,3,13,3,Control.24.Adult,Control.24.I,41,A,6,,60,D,8
Adult,I,#200910-901,TGFb,2,1,3,13,3,TGFb.2.Adult,TGFb.2.I,42,B,6,,4,D,1
HDFn,C,#1206197,Control,12,1,3,13,3,Control.12.HDFn,Control.12.C,43,C,6,,69,E,9
HDFn,C,#1206197,TGFb,8,1,3,13,3,TGFb.8.HDFn,TGFb.8.C,44,D,6,,54,F,7
HDFn,C,#1206197,Control,96,1,3,13,3,Control.96.HDFn,Control.96.C,45,E,6,,43,C,6
Adult,I,#200910-901,Baseline,0,1,3,13,3,Baseline.0.Adult,Baseline.0.I,46,F,6,,26,B,4
HDFn,C,#1206197,Control,0.5,1,3,13,3,Control.0.5.HDFn,Control.0.5.C,47,G,6,,57,A,8
SEN,F,#1206197,TGFb,24,1,3,13,3,TGFb.24.SEN,TGFb.24.F,48,H,6,,3,C,1
Adult,I,#200910-901,Control,48,1,3,13,3,Control.48.Adult,Control.48.I,49,A,7,,35,C,5
HDFn,C,#1206197,Control,24,1,3,13,3,Control.24.HDFn,Control.24.C,50,B,7,,37,E,5
HDFn,C,#1206197,Control,2,1,3,13,3,Control.2.HDFn,Control.2.C,51,C,7,,8,H,1
SEN,F,#1206197,TGFb,72,1,3,13,3,TGFb.72.SEN,TGFb.72.F,52,D,7,,12,D,2
Adult,I,#200910-901,Control,12,1,3,13,3,Control.12.Adult,Control.12.I,53,E,7,,24,H,3
Adult,I,#200910-901,TGFb,72,1,3,13,3,TGFb.72.Adult,TGFb.72.I,54,F,7,,29,E,4
SEN,F,#1206197,Control,96,1,3,13,3,Control.96.SEN,Control.96.F,55,G,7,,28,D,4
SEN,F,#1206197,Control,48,1,3,13,3,Control.48.SEN,Control.48.F,56,H,7,,51,C,7
Adult,I,#200910-901,Control,2,1,3,13,3,Control.2.Adult,Control.2.I,57,A,8,,41,A,6
HDFn,C,#1206197,TGFb,4,1,3,13,3,TGFb.4.HDFn,TGFb.4.C,58,B,8,,9,A,2
HDFn,C,#1206197,Control,4,1,3,13,3,Control.4.HDFn,Control.4.C,59,C,8,,63,G,8
Adult,I,#200910-901,Control,3,1,3,13,3,Control.3.Adult,Control.3.I,60,D,8,,30,F,4
SEN,F,#1206197,Control,12,1,3,13,3,Control.12.SEN,Control.12.F,61,E,8,,39,G,5
HDFn,C,#1206197,TGFb,72,1,3,13,3,TGFb.72.HDFn,TGFb.72.C,62,F,8,,44,D,6
HDFn,C,#1206197,TGFb,2,1,3,13,3,TGFb.2.HDFn,TGFb.2.C,63,G,8,,45,E,6
HDFn,C,#1206197,Baseline,0,1,3,13,3,Baseline.0.HDFn,Baseline.0.C,64,H,8,,65,A,9
HDFn,C,#1206197,Baseline,96,1,3,13,3,Baseline.96.HDFn,Baseline.96.C,65,A,9,,13,E,2
Adult,I,#200910-901,Control,72,1,3,13,3,Control.72.Adult,Control.72.I,66,B,9,,25,A,4
Adult,I,#200910-901,TGFb,24,1,3,13,3,TGFb.24.Adult,TGFb.24.I,67,C,9,,61,E,8
Adult,I,#200910-901,TGFb,0.5,1,3,13,3,TGFb.0.5.Adult,TGFb.0.5.I,68,D,9,,20,D,3
HDFn,C,#1206197,TGFb,96,1,3,13,3,TGFb.96.HDFn,TGFb.96.C,69,E,9,,36,D,5
SEN,F,#1206197,Control,1,1,3,13,3,Control.1.SEN,Control.1.F,70,F,9,,42,B,6
Adult,I,#200910-901,Baseline,96,1,3,13,3,Baseline.96.Adult,Baseline.96.I,71,G,9,,47,G,6
SEN,F,#1206197,TGFb,1,1,3,13,3,TGFb.1.SEN,TGFb.1.F,72,H,9,,40,H,5
HDFn,C,#1206197,Control,96,2,3,14,4,Control.96.HDFn,Control.96.C,1,A,1,,69,E,9
SEN,F,#1206197,TGFb,12,2,3,14,4,TGFb.12.SEN,TGFb.12.F,2,B,1,,9,A,2
HDFn,C,#1206197,Control,72,2,3,14,4,Control.72.HDFn,Control.72.C,3,C,1,,41,A,6
HDFn,C,#1206197,TGFb,12,2,3,14,4,TGFb.12.HDFn,TGFb.12.C,4,D,1,,71,G,9
Adult,I,#200910-901,Control,2,2,3,14,4,Control.2.Adult,Control.2.I,5,E,1,,27,C,4
Adult,I,#200910-901,TGFb,1,2,3,14,4,TGFb.1.Adult,TGFb.1.I,6,F,1,,23,G,3
Adult,I,#200910-901,TGFb,24,2,3,14,4,TGFb.24.Adult,TGFb.24.I,7,G,1,,18,B,3
HDFn,C,#1206197,Control,12,2,3,14,4,Control.12.HDFn,Control.12.C,8,H,1,,55,G,7
SEN,F,#1206197,TGFb,8,2,3,14,4,TGFb.8.SEN,TGFb.8.F,9,A,2,,68,D,9
Adult,I,#200910-901,Control,48,2,3,14,4,Control.48.Adult,Control.48.I,10,B,2,,4,D,1
SEN,F,#1206197,Control,1,2,3,14,4,Control.1.SEN,Control.1.F,11,C,2,,17,A,3
HDFn,C,#1206197,TGFb,0.5,2,3,14,4,TGFb.0.5.HDFn,TGFb.0.5.C,12,D,2,,29,E,4
Adult,I,#200910-901,Control,4,2,3,14,4,Control.4.Adult,Control.4.I,13,E,2,,21,E,3
Adult,I,#200910-901,TGFb,0.5,2,3,14,4,TGFb.0.5.Adult,TGFb.0.5.I,14,F,2,,30,F,4
SEN,F,#1206197,Control,24,2,3,14,4,Control.24.SEN,Control.24.F,15,G,2,,10,B,2
SEN,F,#1206197,Baseline,0,2,3,14,4,Baseline.0.SEN,Baseline.0.F,16,H,2,,47,G,6
Adult,I,#200910-901,TGFb,12,2,3,14,4,TGFb.12.Adult,TGFb.12.I,17,A,3,,26,B,4
HDFn,C,#1206197,Control,3,2,3,14,4,Control.3.HDFn,Control.3.C,18,B,3,,51,C,7
HDFn,C,#1206197,TGFb,24,2,3,14,4,TGFb.24.HDFn,TGFb.24.C,19,C,3,,56,H,7
Adult,I,#200910-901,Control,24,2,3,14,4,Control.24.Adult,Control.24.I,20,D,3,,65,A,9
SEN,F,#1206197,TGFb,1,2,3,14,4,TGFb.1.SEN,TGFb.1.F,21,E,3,,12,D,2
Adult,I,#200910-901,Control,3,2,3,14,4,Control.3.Adult,Control.3.I,22,F,3,,58,B,8
Adult,I,#200910-901,Control,0.5,2,3,14,4,Control.0.5.Adult,Control.0.5.I,23,G,3,,35,C,5
SEN,F,#1206197,Control,96,2,3,14,4,Control.96.SEN,Control.96.F,24,H,3,,16,H,2
HDFn,C,#1206197,Control,4,2,3,14,4,Control.4.HDFn,Control.4.C,25,A,4,,50,B,7
Adult,I,#200910-901,TGFb,72,2,3,14,4,TGFb.72.Adult,TGFb.72.I,26,B,4,,8,H,1
HDFn,C,#1206197,TGFb,96,2,3,14,4,TGFb.96.HDFn,TGFb.96.C,27,C,4,,45,E,6
HDFn,C,#1206197,TGFb,72,2,3,14,4,TGFb.72.HDFn,TGFb.72.C,28,D,4,,3,C,1
SEN,F,#1206197,Control,4,2,3,14,4,Control.4.SEN,Control.4.F,29,E,4,,59,C,8
HDFn,C,#1206197,TGFb,1,2,3,14,4,TGFb.1.HDFn,TGFb.1.C,30,F,4,,49,A,7
Adult,I,#200910-901,Control,1,2,3,14,4,Control.1.Adult,Control.1.I,31,G,4,,14,F,2
Adult,I,#200910-901,TGFb,96,2,3,14,4,TGFb.96.Adult,TGFb.96.I,32,H,4,,52,D,7
HDFn,C,#1206197,TGFb,4,2,3,14,4,TGFb.4.HDFn,TGFb.4.C,33,A,5,,48,H,6
SEN,F,#1206197,Control,72,2,3,14,4,Control.72.SEN,Control.72.F,34,B,5,,40,H,5
SEN,F,#1206197,Control,3,2,3,14,4,Control.3.SEN,Control.3.F,35,C,5,,39,G,5
HDFn,C,#1206197,Control,24,2,3,14,4,Control.24.HDFn,Control.24.C,36,D,5,,70,F,9
HDFn,C,#1206197,Baseline,96,2,3,14,4,Baseline.96.HDFn,Baseline.96.C,37,E,5,,22,F,3
Adult,I,#200910-901,Control,72,2,3,14,4,Control.72.Adult,Control.72.I,38,F,5,,42,B,6
Adult,I,#200910-901,TGFb,2,2,3,14,4,TGFb.2.Adult,TGFb.2.I,39,G,5,,15,G,2
Adult,I,#200910-901,Baseline,0,2,3,14,4,Baseline.0.Adult,Baseline.0.I,40,H,5,,57,A,8
HDFn,C,#1206197,TGFb,48,2,3,14,4,TGFb.48.HDFn,TGFb.48.C,41,A,6,,36,D,5
SEN,F,#1206197,Baseline,96,2,3,14,4,Baseline.96.SEN,Baseline.96.F,42,B,6,,72,H,9
HDFn,C,#1206197,TGFb,2,2,3,14,4,TGFb.2.HDFn,TGFb.2.C,43,C,6,,34,B,5
SEN,F,#1206197,Control,12,2,3,14,4,Control.12.SEN,Control.12.F,44,D,6,,11,C,2
Adult,I,#200910-901,TGFb,8,2,3,14,4,TGFb.8.Adult,TGFb.8.I,45,E,6,,20,D,3
Adult,I,#200910-901,Control,8,2,3,14,4,Control.8.Adult,Control.8.I,46,F,6,,64,H,8
HDFn,C,#1206197,Control,2,2,3,14,4,Control.2.HDFn,Control.2.C,47,G,6,,60,D,8
HDFn,C,#1206197,Control,8,2,3,14,4,Control.8.HDFn,Control.8.C,48,H,6,,28,D,4
SEN,F,#1206197,TGFb,24,2,3,14,4,TGFb.24.SEN,TGFb.24.F,49,A,7,,54,F,7
SEN,F,#1206197,TGFb,4,2,3,14,4,TGFb.4.SEN,TGFb.4.F,50,B,7,,2,B,1
SEN,F,#1206197,Control,2,2,3,14,4,Control.2.SEN,Control.2.F,51,C,7,,53,E,7
SEN,F,#1206197,TGFb,0.5,2,3,14,4,TGFb.0.5.SEN,TGFb.0.5.F,52,D,7,,24,H,3
Adult,I,#200910-901,TGFb,4,2,3,14,4,TGFb.4.Adult,TGFb.4.I,53,E,7,,13,E,2
HDFn,C,#1206197,Baseline,0,2,3,14,4,Baseline.0.HDFn,Baseline.0.C,54,F,7,,38,F,5
SEN,F,#1206197,TGFb,2,2,3,14,4,TGFb.2.SEN,TGFb.2.F,55,G,7,,25,A,4
SEN,F,#1206197,Control,8,2,3,14,4,Control.8.SEN,Control.8.F,56,H,7,,1,A,1
Adult,I,#200910-901,Control,96,2,3,14,4,Control.96.Adult,Control.96.I,57,A,8,,63,G,8
SEN,F,#1206197,TGFb,72,2,3,14,4,TGFb.72.SEN,TGFb.72.F,58,B,8,,67,C,9
HDFn,C,#1206197,TGFb,3,2,3,14,4,TGFb.3.HDFn,TGFb.3.C,59,C,8,,61,E,8
Adult,I,#200910-901,TGFb,3,2,3,14,4,TGFb.3.Adult,TGFb.3.I,60,D,8,,37,E,5
HDFn,C,#1206197,Control,0.5,2,3,14,4,Control.0.5.HDFn,Control.0.5.C,61,E,8,,32,H,4
SEN,F,#1206197,TGFb,48,2,3,14,4,TGFb.48.SEN,TGFb.48.F,62,F,8,,31,G,4
SEN,F,#1206197,Control,48,2,3,14,4,Control.48.SEN,Control.48.F,63,G,8,,6,F,1
HDFn,C,#1206197,Control,48,2,3,14,4,Control.48.HDFn,Control.48.C,64,H,8,,46,F,6
Adult,I,#200910-901,TGFb,48,2,3,14,4,TGFb.48.Adult,TGFb.48.I,65,A,9,,44,D,6
SEN,F,#1206197,TGFb,96,2,3,14,4,TGFb.96.SEN,TGFb.96.F,66,B,9,,62,F,8
Adult,I,#200910-901,Control,12,2,3,14,4,Control.12.Adult,Control.12.I,67,C,9,,7,G,1
Adult,I,#200910-901,Baseline,96,2,3,14,4,Baseline.96.Adult,Baseline.96.I,68,D,9,,33,A,5
SEN,F,#1206197,TGFb,3,2,3,14,4,TGFb.3.SEN,TGFb.3.F,69,E,9,,19,C,3
HDFn,C,#1206197,Control,1,2,3,14,4,Control.1.HDFn,Control.1.C,70,F,9,,5,E,1
SEN,F,#1206197,Control,0.5,2,3,14,4,Control.0.5.SEN,Control.0.5.F,71,G,9,,66,B,9
HDFn,C,#1206197,TGFb,8,2,3,14,4,TGFb.8.HDFn,TGFb.8.C,72,H,9,,43,C,6
Adult,H,#1090465,Control,48,2,2,8,5,Control.48.Adult,Control.48.H,1,A,1,,19,C,3
Adult,H,#1090465,Control,8,2,2,8,5,Control.8.Adult,Control.8.H,2,B,1,,56,H,7
SEN,E,#1366356,Control,0.5,2,2,8,5,Control.0.5.SEN,Control.0.5.E,3,C,1,,68,D,9
HDFn,B,#1366356,TGFb,4,2,2,8,5,TGFb.4.HDFn,TGFb.4.B,4,D,1,,71,G,9
SEN,E,#1366356,TGFb,2,2,2,8,5,TGFb.2.SEN,TGFb.2.E,5,E,1,,7,G,1
HDFn,B,#1366356,Control,96,2,2,8,5,Control.96.HDFn,Control.96.B,6,F,1,,14,F,2
SEN,E,#1366356,Baseline,96,2,2,8,5,Baseline.96.SEN,Baseline.96.E,7,G,1,,41,A,6
HDFn,B,#1366356,TGFb,3,2,2,8,5,TGFb.3.HDFn,TGFb.3.B,8,H,1,,37,E,5
Adult,H,#1090465,Control,12,2,2,8,5,Control.12.Adult,Control.12.H,9,A,2,,58,B,8
Adult,H,#1090465,TGFb,48,2,2,8,5,TGFb.48.Adult,TGFb.48.H,10,B,2,,44,D,6
HDFn,B,#1366356,TGFb,12,2,2,8,5,TGFb.12.HDFn,TGFb.12.B,11,C,2,,38,F,5
Adult,H,#1090465,TGFb,12,2,2,8,5,TGFb.12.Adult,TGFb.12.H,12,D,2,,52,D,7
HDFn,B,#1366356,TGFb,72,2,2,8,5,TGFb.72.HDFn,TGFb.72.B,13,E,2,,17,A,3
HDFn,B,#1366356,Control,48,2,2,8,5,Control.48.HDFn,Control.48.B,14,F,2,,13,E,2
Adult,H,#1090465,Control,2,2,2,8,5,Control.2.Adult,Control.2.H,15,G,2,,63,G,8
HDFn,B,#1366356,Control,4,2,2,8,5,Control.4.HDFn,Control.4.B,16,H,2,,66,B,9
SEN,E,#1366356,Control,48,2,2,8,5,Control.48.SEN,Control.48.E,17,A,3,,47,G,6
Adult,H,#1090465,Control,24,2,2,8,5,Control.24.Adult,Control.24.H,18,B,3,,29,E,4
HDFn,B,#1366356,Control,24,2,2,8,5,Control.24.HDFn,Control.24.B,19,C,3,,67,C,9
HDFn,B,#1366356,Control,72,2,2,8,5,Control.72.HDFn,Control.72.B,20,D,3,,40,H,5
SEN,E,#1366356,TGFb,0.5,2,2,8,5,TGFb.0.5.SEN,TGFb.0.5.E,21,E,3,,9,A,2
SEN,E,#1366356,TGFb,4,2,2,8,5,TGFb.4.SEN,TGFb.4.E,22,F,3,,64,H,8
SEN,E,#1366356,Baseline,0,2,2,8,5,Baseline.0.SEN,Baseline.0.E,23,G,3,,35,C,5
Adult,H,#1090465,Baseline,96,2,2,8,5,Baseline.96.Adult,Baseline.96.H,24,H,3,,43,C,6
HDFn,B,#1366356,TGFb,2,2,2,8,5,TGFb.2.HDFn,TGFb.2.B,25,A,4,,30,F,4
Adult,H,#1090465,TGFb,72,2,2,8,5,TGFb.72.Adult,TGFb.72.H,26,B,4,,32,H,4
SEN,E,#1366356,TGFb,72,2,2,8,5,TGFb.72.SEN,TGFb.72.E,27,C,4,,57,A,8
HDFn,B,#1366356,TGFb,0.5,2,2,8,5,TGFb.0.5.HDFn,TGFb.0.5.B,28,D,4,,11,C,2
Adult,H,#1090465,TGFb,24,2,2,8,5,TGFb.24.Adult,TGFb.24.H,29,E,4,,51,C,7
HDFn,B,#1366356,Control,3,2,2,8,5,Control.3.HDFn,Control.3.B,30,F,4,,59,C,8
SEN,E,#1366356,Control,2,2,2,8,5,Control.2.SEN,Control.2.E,31,G,4,,42,B,6
Adult,H,#1090465,Baseline,0,2,2,8,5,Baseline.0.Adult,Baseline.0.H,32,H,4,,54,F,7
HDFn,B,#1366356,TGFb,24,2,2,8,5,TGFb.24.HDFn,TGFb.24.B,33,A,5,,21,E,3
Adult,H,#1090465,Control,72,2,2,8,5,Control.72.Adult,Control.72.H,34,B,5,,15,G,2
HDFn,B,#1366356,TGFb,1,2,2,8,5,TGFb.1.HDFn,TGFb.1.B,35,C,5,,10,B,2
Adult,H,#1090465,Control,4,2,2,8,5,Control.4.Adult,Control.4.H,36,D,5,,18,B,3
HDFn,B,#1366356,Control,1,2,2,8,5,Control.1.HDFn,Control.1.B,37,E,5,,1,A,1
SEN,E,#1366356,Control,12,2,2,8,5,Control.12.SEN,Control.12.E,38,F,5,,62,F,8
SEN,E,#1366356,Control,1,2,2,8,5,Control.1.SEN,Control.1.E,39,G,5,,4,D,1
Adult,H,#1090465,TGFb,2,2,2,8,5,TGFb.2.Adult,TGFb.2.H,40,H,5,,55,G,7
SEN,E,#1366356,TGFb,48,2,2,8,5,TGFb.48.SEN,TGFb.48.E,41,A,6,,12,D,2
Adult,H,#1090465,TGFb,0.5,2,2,8,5,TGFb.0.5.Adult,TGFb.0.5.H,42,B,6,,39,G,5
Adult,H,#1090465,TGFb,4,2,2,8,5,TGFb.4.Adult,TGFb.4.H,43,C,6,,69,E,9
SEN,E,#1366356,TGFb,96,2,2,8,5,TGFb.96.SEN,TGFb.96.E,44,D,6,,31,G,4
SEN,E,#1366356,TGFb,3,2,2,8,5,TGFb.3.SEN,TGFb.3.E,45,E,6,,27,C,4
SEN,E,#1366356,Control,3,2,2,8,5,Control.3.SEN,Control.3.E,46,F,6,,25,A,4
SEN,E,#1366356,Control,4,2,2,8,5,Control.4.SEN,Control.4.E,47,G,6,,72,H,9
HDFn,B,#1366356,TGFb,96,2,2,8,5,TGFb.96.HDFn,TGFb.96.B,48,H,6,,46,F,6
HDFn,B,#1366356,Control,8,2,2,8,5,Control.8.HDFn,Control.8.B,49,A,7,,48,H,6
SEN,E,#1366356,Control,8,2,2,8,5,Control.8.SEN,Control.8.E,50,B,7,,61,E,8
HDFn,B,#1366356,Control,12,2,2,8,5,Control.12.HDFn,Control.12.B,51,C,7,,60,D,8
SEN,E,#1366356,TGFb,12,2,2,8,5,TGFb.12.SEN,TGFb.12.E,52,D,7,,34,B,5
HDFn,B,#1366356,TGFb,48,2,2,8,5,TGFb.48.HDFn,TGFb.48.B,53,E,7,,28,D,4
HDFn,B,#1366356,Control,0.5,2,2,8,5,Control.0.5.HDFn,Control.0.5.B,54,F,7,,65,A,9
SEN,E,#1366356,Control,72,2,2,8,5,Control.72.SEN,Control.72.E,55,G,7,,33,A,5
SEN,E,#1366356,Control,24,2,2,8,5,Control.24.SEN,Control.24.E,56,H,7,,16,H,2
SEN,E,#1366356,TGFb,24,2,2,8,5,TGFb.24.SEN,TGFb.24.E,57,A,8,,50,B,7
Adult,H,#1090465,TGFb,96,2,2,8,5,TGFb.96.Adult,TGFb.96.H,58,B,8,,3,C,1
Adult,H,#1090465,Control,1,2,2,8,5,Control.1.Adult,Control.1.H,59,C,8,,22,F,3
Adult,H,#1090465,Control,3,2,2,8,5,Control.3.Adult,Control.3.H,60,D,8,,5,E,1
Adult,H,#1090465,TGFb,1,2,2,8,5,TGFb.1.Adult,TGFb.1.H,61,E,8,,6,F,1
SEN,E,#1366356,Control,96,2,2,8,5,Control.96.SEN,Control.96.E,62,F,8,,53,E,7
HDFn,B,#1366356,Baseline,0,2,2,8,5,Baseline.0.HDFn,Baseline.0.B,63,G,8,,49,A,7
HDFn,B,#1366356,Baseline,96,2,2,8,5,Baseline.96.HDFn,Baseline.96.B,64,H,8,,2,B,1
SEN,E,#1366356,TGFb,8,2,2,8,5,TGFb.8.SEN,TGFb.8.E,65,A,9,,45,E,6
HDFn,B,#1366356,Control,2,2,2,8,5,Control.2.HDFn,Control.2.B,66,B,9,,70,F,9
Adult,H,#1090465,Control,96,2,2,8,5,Control.96.Adult,Control.96.H,67,C,9,,24,H,3
Adult,H,#1090465,TGFb,8,2,2,8,5,TGFb.8.Adult,TGFb.8.H,68,D,9,,8,H,1
Adult,H,#1090465,TGFb,3,2,2,8,5,TGFb.3.Adult,TGFb.3.H,69,E,9,,26,B,4
SEN,E,#1366356,TGFb,1,2,2,8,5,TGFb.1.SEN,TGFb.1.E,70,F,9,,23,G,3
HDFn,B,#1366356,TGFb,8,2,2,8,5,TGFb.8.HDFn,TGFb.8.B,71,G,9,,20,D,3
Adult,H,#1090465,Control,0.5,2,2,8,5,Control.0.5.Adult,Control.0.5.H,72,H,9,,36,D,5
HDFn,A,#1366434,Control,1,2,1,2,6,Control.1.HDFn,Control.1.A,1,A,1,,63,G,8
SEN,D,#1366434,Control,48,2,1,2,6,Control.48.SEN,Control.48.D,2,B,1,,54,F,7
SEN,D,#1366434,TGFb,12,2,1,2,6,TGFb.12.SEN,TGFb.12.D,3,C,1,,1,A,1
HDFn,A,#1366434,TGFb,1,2,1,2,6,TGFb.1.HDFn,TGFb.1.A,4,D,1,,9,A,2
SEN,D,#1366434,Control,24,2,1,2,6,Control.24.SEN,Control.24.D,5,E,1,,70,F,9
SEN,D,#1366434,Baseline,0,2,1,2,6,Baseline.0.SEN,Baseline.0.D,6,F,1,,12,D,2
SEN,D,#1366434,Control,12,2,1,2,6,Control.12.SEN,Control.12.D,7,G,1,,68,D,9
SEN,D,#1366434,TGFb,4,2,1,2,6,TGFb.4.SEN,TGFb.4.D,8,H,1,,71,G,9
Adult,G,#1528526,TGFb,2,2,1,2,6,TGFb.2.Adult,TGFb.2.G,9,A,2,,53,E,7
Adult,G,#1528526,Control,24,2,1,2,6,Control.24.Adult,Control.24.G,10,B,2,,47,G,6
SEN,D,#1366434,TGFb,72,2,1,2,6,TGFb.72.SEN,TGFb.72.D,11,C,2,,56,H,7
SEN,D,#1366434,Control,8,2,1,2,6,Control.8.SEN,Control.8.D,12,D,2,,35,C,5
Adult,G,#1528526,TGFb,3,2,1,2,6,TGFb.3.Adult,TGFb.3.G,13,E,2,,21,E,3
Adult,G,#1528526,Control,8,2,1,2,6,Control.8.Adult,Control.8.G,14,F,2,,34,B,5
Adult,G,#1528526,Control,3,2,1,2,6,Control.3.Adult,Control.3.G,15,G,2,,8,H,1
HDFn,A,#1366434,TGFb,8,2,1,2,6,TGFb.8.HDFn,TGFb.8.A,16,H,2,,7,G,1
SEN,D,#1366434,TGFb,8,2,1,2,6,TGFb.8.SEN,TGFb.8.D,17,A,3,,66,B,9
HDFn,A,#1366434,TGFb,12,2,1,2,6,TGFb.12.HDFn,TGFb.12.A,18,B,3,,24,H,3
Adult,G,#1528526,TGFb,24,2,1,2,6,TGFb.24.Adult,TGFb.24.G,19,C,3,,27,C,4
HDFn,A,#1366434,Control,48,2,1,2,6,Control.48.HDFn,Control.48.A,20,D,3,,28,D,4
SEN,D,#1366434,Control,72,2,1,2,6,Control.72.SEN,Control.72.D,21,E,3,,43,C,6
SEN,D,#1366434,TGFb,96,2,1,2,6,TGFb.96.SEN,TGFb.96.D,22,F,3,,19,C,3
HDFn,A,#1366434,Control,8,2,1,2,6,Control.8.HDFn,Control.8.A,23,G,3,,69,E,9
HDFn,A,#1366434,Control,4,2,1,2,6,Control.4.HDFn,Control.4.A,24,H,3,,44,D,6
SEN,D,#1366434,TGFb,3,2,1,2,6,TGFb.3.SEN,TGFb.3.D,25,A,4,,42,B,6
Adult,G,#1528526,TGFb,4,2,1,2,6,TGFb.4.Adult,TGFb.4.G,26,B,4,,25,A,4
HDFn,A,#1366434,Control,3,2,1,2,6,Control.3.HDFn,Control.3.A,27,C,4,,45,E,6
HDFn,A,#1366434,Control,72,2,1,2,6,Control.72.HDFn,Control.72.A,28,D,4,,11,C,2
Adult,G,#1528526,Control,72,2,1,2,6,Control.72.Adult,Control.72.G,29,E,4,,38,F,5
HDFn,A,#1366434,Baseline,96,2,1,2,6,Baseline.96.HDFn,Baseline.96.A,30,F,4,,61,E,8
HDFn,A,#1366434,Control,24,2,1,2,6,Control.24.HDFn,Control.24.A,31,G,4,,32,H,4
SEN,D,#1366434,Baseline,96,2,1,2,6,Baseline.96.SEN,Baseline.96.D,32,H,4,,49,A,7
Adult,G,#1528526,TGFb,0.5,2,1,2,6,TGFb.0.5.Adult,TGFb.0.5.G,33,A,5,,40,H,5
Adult,G,#1528526,Control,1,2,1,2,6,Control.1.Adult,Control.1.G,34,B,5,,58,B,8
Adult,G,#1528526,Control,96,2,1,2,6,Control.96.Adult,Control.96.G,35,C,5,,16,H,2
SEN,D,#1366434,Control,0.5,2,1,2,6,Control.0.5.SEN,Control.0.5.D,36,D,5,,15,G,2
SEN,D,#1366434,TGFb,24,2,1,2,6,TGFb.24.SEN,TGFb.24.D,37,E,5,,30,F,4
HDFn,A,#1366434,TGFb,3,2,1,2,6,TGFb.3.HDFn,TGFb.3.A,38,F,5,,2,B,1
HDFn,A,#1366434,Control,96,2,1,2,6,Control.96.HDFn,Control.96.A,39,G,5,,37,E,5
SEN,D,#1366434,TGFb,48,2,1,2,6,TGFb.48.SEN,TGFb.48.D,40,H,5,,60,D,8
Adult,G,#1528526,Baseline,0,2,1,2,6,Baseline.0.Adult,Baseline.0.G,41,A,6,,65,A,9
Adult,G,#1528526,TGFb,8,2,1,2,6,TGFb.8.Adult,TGFb.8.G,42,B,6,,50,B,7
SEN,D,#1366434,Control,96,2,1,2,6,Control.96.SEN,Control.96.D,43,C,6,,6,F,1
SEN,D,#1366434,TGFb,0.5,2,1,2,6,TGFb.0.5.SEN,TGFb.0.5.D,44,D,6,,5,E,1
Adult,G,#1528526,Baseline,96,2,1,2,6,Baseline.96.Adult,Baseline.96.G,45,E,6,,14,F,2
HDFn,A,#1366434,Control,2,2,1,2,6,Control.2.HDFn,Control.2.A,46,F,6,,52,D,7
SEN,D,#1366434,Control,2,2,1,2,6,Control.2.SEN,Control.2.D,47,G,6,,36,D,5
Adult,G,#1528526,TGFb,96,2,1,2,6,TGFb.96.Adult,TGFb.96.G,48,H,6,,72,H,9
SEN,D,#1366434,TGFb,1,2,1,2,6,TGFb.1.SEN,TGFb.1.D,49,A,7,,3,C,1
HDFn,A,#1366434,Control,0.5,2,1,2,6,Control.0.5.HDFn,Control.0.5.A,50,B,7,,41,A,6
Adult,G,#1528526,Control,48,2,1,2,6,Control.48.Adult,Control.48.G,51,C,7,,31,G,4
Adult,G,#1528526,TGFb,12,2,1,2,6,TGFb.12.Adult,TGFb.12.G,52,D,7,,64,H,8
Adult,G,#1528526,TGFb,72,2,1,2,6,TGFb.72.Adult,TGFb.72.G,53,E,7,,59,C,8
Adult,G,#1528526,Control,12,2,1,2,6,Control.12.Adult,Control.12.G,54,F,7,,20,D,3
Adult,G,#1528526,TGFb,1,2,1,2,6,TGFb.1.Adult,TGFb.1.G,55,G,7,,62,F,8
HDFn,A,#1366434,TGFb,4,2,1,2,6,TGFb.4.HDFn,TGFb.4.A,56,H,7,,4,D,1
Adult,G,#1528526,TGFb,48,2,1,2,6,TGFb.48.Adult,TGFb.48.G,57,A,8,,67,C,9
HDFn,A,#1366434,TGFb,2,2,1,2,6,TGFb.2.HDFn,TGFb.2.A,58,B,8,,17,A,3
HDFn,A,#1366434,TGFb,24,2,1,2,6,TGFb.24.HDFn,TGFb.24.A,59,C,8,,26,B,4
Adult,G,#1528526,Control,4,2,1,2,6,Control.4.Adult,Control.4.G,60,D,8,,51,C,7
HDFn,A,#1366434,TGFb,72,2,1,2,6,TGFb.72.HDFn,TGFb.72.A,61,E,8,,57,A,8
HDFn,A,#1366434,Baseline,0,2,1,2,6,Baseline.0.HDFn,Baseline.0.A,62,F,8,,48,H,6
HDFn,A,#1366434,TGFb,96,2,1,2,6,TGFb.96.HDFn,TGFb.96.A,63,G,8,,46,F,6
HDFn,A,#1366434,Control,12,2,1,2,6,Control.12.HDFn,Control.12.A,64,H,8,,13,E,2
SEN,D,#1366434,Control,3,2,1,2,6,Control.3.SEN,Control.3.D,65,A,9,,23,G,3
Adult,G,#1528526,Control,0.5,2,1,2,6,Control.0.5.Adult,Control.0.5.G,66,B,9,,33,A,5
SEN,D,#1366434,TGFb,2,2,1,2,6,TGFb.2.SEN,TGFb.2.D,67,C,9,,10,B,2
HDFn,A,#1366434,TGFb,0.5,2,1,2,6,TGFb.0.5.HDFn,TGFb.0.5.A,68,D,9,,22,F,3
HDFn,A,#1366434,TGFb,48,2,1,2,6,TGFb.48.HDFn,TGFb.48.A,69,E,9,,18,B,3
SEN,D,#1366434,Control,4,2,1,2,6,Control.4.SEN,Control.4.D,70,F,9,,39,G,5
Adult,G,#1528526,Control,2,2,1,2,6,Control.2.Adult,Control.2.G,71,G,9,,29,E,4
SEN,D,#1366434,Control,1,2,1,2,6,Control.1.SEN,Control.1.D,72,H,9,,55,G,7
SEN,D,#1366434,Control,1,3,1,3,7,Control.1.SEN,Control.1.D,1,A,1,,13,E,2
HDFn,A,#1366434,Control,48,3,1,3,7,Control.48.HDFn,Control.48.A,2,B,1,,59,C,8
HDFn,A,#1366434,Control,72,3,1,3,7,Control.72.HDFn,Control.72.A,3,C,1,,17,A,3
Adult,G,#1528526,TGFb,1,3,1,3,7,TGFb.1.Adult,TGFb.1.G,4,D,1,,52,D,7
HDFn,A,#1366434,Control,8,3,1,3,7,Control.8.HDFn,Control.8.A,5,E,1,,27,C,4
SEN,D,#1366434,TGFb,3,3,1,3,7,TGFb.3.SEN,TGFb.3.D,6,F,1,,56,H,7
HDFn,A,#1366434,TGFb,0.5,3,1,3,7,TGFb.0.5.HDFn,TGFb.0.5.A,7,G,1,,32,H,4
Adult,G,#1528526,Control,96,3,1,3,7,Control.96.Adult,Control.96.G,8,H,1,,6,F,1
SEN,D,#1366434,TGFb,0.5,3,1,3,7,TGFb.0.5.SEN,TGFb.0.5.D,9,A,2,,47,G,6
SEN,D,#1366434,Baseline,0,3,1,3,7,Baseline.0.SEN,Baseline.0.D,10,B,2,,21,E,3
Adult,G,#1528526,Control,1,3,1,3,7,Control.1.Adult,Control.1.G,11,C,2,,37,E,5
Adult,G,#1528526,Control,72,3,1,3,7,Control.72.Adult,Control.72.G,12,D,2,,66,B,9
HDFn,A,#1366434,Control,4,3,1,3,7,Control.4.HDFn,Control.4.A,13,E,2,,62,F,8
HDFn,A,#1366434,Control,2,3,1,3,7,Control.2.HDFn,Control.2.A,14,F,2,,69,E,9
Adult,G,#1528526,Baseline,0,3,1,3,7,Baseline.0.Adult,Baseline.0.G,15,G,2,,55,G,7
SEN,D,#1366434,Control,96,3,1,3,7,Control.96.SEN,Control.96.D,16,H,2,,49,A,7
SEN,D,#1366434,Control,48,3,1,3,7,Control.48.SEN,Control.48.D,17,A,3,,4,D,1
SEN,D,#1366434,Control,2,3,1,3,7,Control.2.SEN,Control.2.D,18,B,3,,71,G,9
HDFn,A,#1366434,Baseline,0,3,1,3,7,Baseline.0.HDFn,Baseline.0.A,19,C,3,,20,D,3
Adult,G,#1528526,TGFb,0.5,3,1,3,7,TGFb.0.5.Adult,TGFb.0.5.G,20,D,3,,67,C,9
HDFn,A,#1366434,TGFb,48,3,1,3,7,TGFb.48.HDFn,TGFb.48.A,21,E,3,,64,H,8
HDFn,A,#1366434,Control,0.5,3,1,3,7,Control.0.5.HDFn,Control.0.5.A,22,F,3,,34,B,5
SEN,D,#1366434,Control,0.5,3,1,3,7,Control.0.5.SEN,Control.0.5.D,23,G,3,,61,E,8
Adult,G,#1528526,TGFb,48,3,1,3,7,TGFb.48.Adult,TGFb.48.G,24,H,3,,1,A,1
SEN,D,#1366434,Control,12,3,1,3,7,Control.12.SEN,Control.12.D,25,A,4,,26,B,4
SEN,D,#1366434,Control,8,3,1,3,7,Control.8.SEN,Control.8.D,26,B,4,,41,A,6
Adult,G,#1528526,TGFb,3,3,1,3,7,TGFb.3.Adult,TGFb.3.G,27,C,4,,10,B,2
SEN,D,#1366434,TGFb,48,3,1,3,7,TGFb.48.SEN,TGFb.48.D,28,D,4,,48,H,6
HDFn,A,#1366434,TGFb,12,3,1,3,7,TGFb.12.HDFn,TGFb.12.A,29,E,4,,2,B,1
HDFn,A,#1366434,TGFb,72,3,1,3,7,TGFb.72.HDFn,TGFb.72.A,30,F,4,,39,G,5
Adult,G,#1528526,Control,0.5,3,1,3,7,Control.0.5.Adult,Control.0.5.G,31,G,4,,58,B,8
Adult,G,#1528526,Control,8,3,1,3,7,Control.8.Adult,Control.8.G,32,H,4,,19,C,3
HDFn,A,#1366434,TGFb,2,3,1,3,7,TGFb.2.HDFn,TGFb.2.A,33,A,5,,38,F,5
HDFn,A,#1366434,TGFb,8,3,1,3,7,TGFb.8.HDFn,TGFb.8.A,34,B,5,,14,F,2
HDFn,A,#1366434,Baseline,96,3,1,3,7,Baseline.96.HDFn,Baseline.96.A,35,C,5,,72,H,9
HDFn,A,#1366434,Control,24,3,1,3,7,Control.24.HDFn,Control.24.A,36,D,5,,16,H,2
Adult,G,#1528526,Control,3,3,1,3,7,Control.3.Adult,Control.3.G,37,E,5,,30,F,4
Adult,G,#1528526,Control,48,3,1,3,7,Control.48.Adult,Control.48.G,38,F,5,,35,C,5
Adult,G,#1528526,Control,12,3,1,3,7,Control.12.Adult,Control.12.G,39,G,5,,54,F,7
SEN,D,#1366434,TGFb,1,3,1,3,7,TGFb.1.SEN,TGFb.1.D,40,H,5,,65,A,9
HDFn,A,#1366434,TGFb,24,3,1,3,7,TGFb.24.HDFn,TGFb.24.A,41,A,6,,3,C,1
SEN,D,#1366434,TGFb,4,3,1,3,7,TGFb.4.SEN,TGFb.4.D,42,B,6,,36,D,5
HDFn,A,#1366434,Control,12,3,1,3,7,Control.12.HDFn,Control.12.A,43,C,6,,46,F,6
HDFn,A,#1366434,Control,3,3,1,3,7,Control.3.HDFn,Control.3.A,44,D,6,,40,H,5
HDFn,A,#1366434,TGFb,3,3,1,3,7,TGFb.3.HDFn,TGFb.3.A,45,E,6,,68,D,9
SEN,D,#1366434,TGFb,2,3,1,3,7,TGFb.2.SEN,TGFb.2.D,46,F,6,,23,G,3
Adult,G,#1528526,Control,24,3,1,3,7,Control.24.Adult,Control.24.G,47,G,6,,60,D,8
SEN,D,#1366434,Control,72,3,1,3,7,Control.72.SEN,Control.72.D,48,H,6,,8,H,1
SEN,D,#1366434,Baseline,96,3,1,3,7,Baseline.96.SEN,Baseline.96.D,49,A,7,,24,H,3
HDFn,A,#1366434,TGFb,96,3,1,3,7,TGFb.96.HDFn,TGFb.96.A,50,B,7,,57,A,8
Adult,G,#1528526,Baseline,96,3,1,3,7,Baseline.96.Adult,Baseline.96.G,51,C,7,,63,G,8
SEN,D,#1366434,Control,4,3,1,3,7,Control.4.SEN,Control.4.D,52,D,7,,5,E,1
SEN,D,#1366434,Control,3,3,1,3,7,Control.3.SEN,Control.3.D,53,E,7,,70,F,9
Adult,G,#1528526,Control,2,3,1,3,7,Control.2.Adult,Control.2.G,54,F,7,,22,F,3
SEN,D,#1366434,TGFb,72,3,1,3,7,TGFb.72.SEN,TGFb.72.D,55,G,7,,11,C,2
Adult,G,#1528526,TGFb,8,3,1,3,7,TGFb.8.Adult,TGFb.8.G,56,H,7,,33,A,5
SEN,D,#1366434,TGFb,96,3,1,3,7,TGFb.96.SEN,TGFb.96.D,57,A,8,,25,A,4
Adult,G,#1528526,TGFb,24,3,1,3,7,TGFb.24.Adult,TGFb.24.G,58,B,8,,9,A,2
HDFn,A,#1366434,TGFb,1,3,1,3,7,TGFb.1.HDFn,TGFb.1.A,59,C,8,,53,E,7
HDFn,A,#1366434,Control,96,3,1,3,7,Control.96.HDFn,Control.96.A,60,D,8,,31,G,4
Adult,G,#1528526,TGFb,12,3,1,3,7,TGFb.12.Adult,TGFb.12.G,61,E,8,,42,B,6
Adult,G,#1528526,TGFb,72,3,1,3,7,TGFb.72.Adult,TGFb.72.G,62,F,8,,15,G,2
Adult,G,#1528526,TGFb,2,3,1,3,7,TGFb.2.Adult,TGFb.2.G,63,G,8,,28,D,4
SEN,D,#1366434,TGFb,8,3,1,3,7,TGFb.8.SEN,TGFb.8.D,64,H,8,,12,D,2
Adult,G,#1528526,Control,4,3,1,3,7,Control.4.Adult,Control.4.G,65,A,9,,44,D,6
SEN,D,#1366434,TGFb,12,3,1,3,7,TGFb.12.SEN,TGFb.12.D,66,B,9,,29,E,4
HDFn,A,#1366434,TGFb,4,3,1,3,7,TGFb.4.HDFn,TGFb.4.A,67,C,9,,51,C,7
Adult,G,#1528526,TGFb,96,3,1,3,7,TGFb.96.Adult,TGFb.96.G,68,D,9,,7,G,1
HDFn,A,#1366434,Control,1,3,1,3,7,Control.1.HDFn,Control.1.A,69,E,9,,43,C,6
SEN,D,#1366434,Control,24,3,1,3,7,Control.24.SEN,Control.24.D,70,F,9,,18,B,3
SEN,D,#1366434,TGFb,24,3,1,3,7,TGFb.24.SEN,TGFb.24.D,71,G,9,,45,E,6
Adult,G,#1528526,TGFb,4,3,1,3,7,TGFb.4.Adult,TGFb.4.G,72,H,9,,50,B,7
Adult,H,#1090465,Baseline,0,3,2,9,8,Baseline.0.Adult,Baseline.0.H,1,A,1,,67,C,9
SEN,E,#1366356,Control,4,3,2,9,8,Control.4.SEN,Control.4.E,2,B,1,,50,B,7
Adult,H,#1090465,Control,3,3,2,9,8,Control.3.Adult,Control.3.H,3,C,1,,17,A,3
HDFn,B,#1366356,Control,12,3,2,9,8,Control.12.HDFn,Control.12.B,4,D,1,,34,B,5
SEN,E,#1366356,Control,96,3,2,9,8,Control.96.SEN,Control.96.E,5,E,1,,68,D,9
HDFn,B,#1366356,Baseline,96,3,2,9,8,Baseline.96.HDFn,Baseline.96.B,6,F,1,,30,F,4
HDFn,B,#1366356,Control,24,3,2,9,8,Control.24.HDFn,Control.24.B,7,G,1,,38,F,5
HDFn,B,#1366356,TGFb,2,3,2,9,8,TGFb.2.HDFn,TGFb.2.B,8,H,1,,21,E,3
SEN,E,#1366356,Control,2,3,2,9,8,Control.2.SEN,Control.2.E,9,A,2,,36,D,5
Adult,H,#1090465,Control,96,3,2,9,8,Control.96.Adult,Control.96.H,10,B,2,,12,D,2
SEN,E,#1366356,Control,3,3,2,9,8,Control.3.SEN,Control.3.E,11,C,2,,3,C,1
HDFn,B,#1366356,Control,96,3,2,9,8,Control.96.HDFn,Control.96.B,12,D,2,,45,E,6
Adult,H,#1090465,TGFb,4,3,2,9,8,TGFb.4.Adult,TGFb.4.H,13,E,2,,14,F,2
SEN,E,#1366356,TGFb,3,3,2,9,8,TGFb.3.SEN,TGFb.3.E,14,F,2,,37,E,5
Adult,H,#1090465,Control,72,3,2,9,8,Control.72.Adult,Control.72.H,15,G,2,,6,F,1
SEN,E,#1366356,TGFb,8,3,2,9,8,TGFb.8.SEN,TGFb.8.E,16,H,2,,9,A,2
SEN,E,#1366356,Control,24,3,2,9,8,Control.24.SEN,Control.24.E,17,A,3,,25,A,4
Adult,H,#1090465,Control,1,3,2,9,8,Control.1.Adult,Control.1.H,18,B,3,,71,G,9
HDFn,B,#1366356,TGFb,24,3,2,9,8,TGFb.24.HDFn,TGFb.24.B,19,C,3,,4,D,1
SEN,E,#1366356,TGFb,48,3,2,9,8,TGFb.48.SEN,TGFb.48.E,20,D,3,,1,A,1
SEN,E,#1366356,Control,1,3,2,9,8,Control.1.SEN,Control.1.E,21,E,3,,39,G,5
Adult,H,#1090465,TGFb,24,3,2,9,8,TGFb.24.Adult,TGFb.24.H,22,F,3,,57,A,8
SEN,E,#1366356,Control,8,3,2,9,8,Control.8.SEN,Control.8.E,23,G,3,,55,G,7
Adult,H,#1090465,TGFb,1,3,2,9,8,TGFb.1.Adult,TGFb.1.H,24,H,3,,11,C,2
SEN,E,#1366356,Baseline,96,3,2,9,8,Baseline.96.SEN,Baseline.96.E,25,A,4,,40,H,5
Adult,H,#1090465,TGFb,3,3,2,9,8,TGFb.3.Adult,TGFb.3.H,26,B,4,,70,F,9
HDFn,B,#1366356,Control,2,3,2,9,8,Control.2.HDFn,Control.2.B,27,C,4,,20,D,3
Adult,H,#1090465,Control,24,3,2,9,8,Control.24.Adult,Control.24.H,28,D,4,,63,G,8
Adult,H,#1090465,TGFb,48,3,2,9,8,TGFb.48.Adult,TGFb.48.H,29,E,4,,2,B,1
HDFn,B,#1366356,Control,1,3,2,9,8,Control.1.HDFn,Control.1.B,30,F,4,,43,C,6
SEN,E,#1366356,Control,48,3,2,9,8,Control.48.SEN,Control.48.E,31,G,4,,18,B,3
SEN,E,#1366356,Control,72,3,2,9,8,Control.72.SEN,Control.72.E,32,H,4,,29,E,4
HDFn,B,#1366356,TGFb,72,3,2,9,8,TGFb.72.HDFn,TGFb.72.B,33,A,5,,31,G,4
Adult,H,#1090465,Control,0.5,3,2,9,8,Control.0.5.Adult,Control.0.5.H,34,B,5,,16,H,2
SEN,E,#1366356,TGFb,2,3,2,9,8,TGFb.2.SEN,TGFb.2.E,35,C,5,,53,E,7
HDFn,B,#1366356,Control,0.5,3,2,9,8,Control.0.5.HDFn,Control.0.5.B,36,D,5,,35,C,5
Adult,H,#1090465,TGFb,96,3,2,9,8,TGFb.96.Adult,TGFb.96.H,37,E,5,,48,H,6
Adult,H,#1090465,TGFb,12,3,2,9,8,TGFb.12.Adult,TGFb.12.H,38,F,5,,23,G,3
SEN,E,#1366356,TGFb,0.5,3,2,9,8,TGFb.0.5.SEN,TGFb.0.5.E,39,G,5,,60,D,8
SEN,E,#1366356,TGFb,12,3,2,9,8,TGFb.12.SEN,TGFb.12.E,40,H,5,,44,D,6
HDFn,B,#1366356,TGFb,8,3,2,9,8,TGFb.8.HDFn,TGFb.8.B,41,A,6,,69,E,9
SEN,E,#1366356,Control,0.5,3,2,9,8,Control.0.5.SEN,Control.0.5.E,42,B,6,,58,B,8
HDFn,B,#1366356,TGFb,4,3,2,9,8,TGFb.4.HDFn,TGFb.4.B,43,C,6,,13,E,2
SEN,E,#1366356,TGFb,1,3,2,9,8,TGFb.1.SEN,TGFb.1.E,44,D,6,,26,B,4
Adult,H,#1090465,Control,2,3,2,9,8,Control.2.Adult,Control.2.H,45,E,6,,8,H,1
HDFn,B,#1366356,Control,8,3,2,9,8,Control.8.HDFn,Control.8.B,46,F,6,,33,A,5
Adult,H,#1090465,Control,48,3,2,9,8,Control.48.Adult,Control.48.H,47,G,6,,52,D,7
SEN,E,#1366356,Control,12,3,2,9,8,Control.12.SEN,Control.12.E,48,H,6,,27,C,4
Adult,H,#1090465,Baseline,96,3,2,9,8,Baseline.96.Adult,Baseline.96.H,49,A,7,,56,H,7
HDFn,B,#1366356,TGFb,3,3,2,9,8,TGFb.3.HDFn,TGFb.3.B,50,B,7,,19,C,3
Adult,H,#1090465,TGFb,2,3,2,9,8,TGFb.2.Adult,TGFb.2.H,51,C,7,,64,H,8
HDFn,B,#1366356,Control,4,3,2,9,8,Control.4.HDFn,Control.4.B,52,D,7,,41,A,6
HDFn,B,#1366356,Baseline,0,3,2,9,8,Baseline.0.HDFn,Baseline.0.B,53,E,7,,62,F,8
HDFn,B,#1366356,TGFb,1,3,2,9,8,TGFb.1.HDFn,TGFb.1.B,54,F,7,,72,H,9
Adult,H,#1090465,Control,8,3,2,9,8,Control.8.Adult,Control.8.H,55,G,7,,28,D,4
HDFn,B,#1366356,Control,3,3,2,9,8,Control.3.HDFn,Control.3.B,56,H,7,,7,G,1
HDFn,B,#1366356,TGFb,0.5,3,2,9,8,TGFb.0.5.HDFn,TGFb.0.5.B,57,A,8,,65,A,9
HDFn,B,#1366356,TGFb,48,3,2,9,8,TGFb.48.HDFn,TGFb.48.B,58,B,8,,10,B,2
Adult,H,#1090465,TGFb,8,3,2,9,8,TGFb.8.Adult,TGFb.8.H,59,C,8,,22,F,3
Adult,H,#1090465,TGFb,72,3,2,9,8,TGFb.72.Adult,TGFb.72.H,60,D,8,,49,A,7
SEN,E,#1366356,TGFb,96,3,2,9,8,TGFb.96.SEN,TGFb.96.E,61,E,8,,59,C,8
Adult,H,#1090465,Control,12,3,2,9,8,Control.12.Adult,Control.12.H,62,F,8,,47,G,6
HDFn,B,#1366356,Control,72,3,2,9,8,Control.72.HDFn,Control.72.B,63,G,8,,66,B,9
Adult,H,#1090465,Control,4,3,2,9,8,Control.4.Adult,Control.4.H,64,H,8,,54,F,7
SEN,E,#1366356,TGFb,72,3,2,9,8,TGFb.72.SEN,TGFb.72.E,65,A,9,,42,B,6
SEN,E,#1366356,Baseline,0,3,2,9,8,Baseline.0.SEN,Baseline.0.E,66,B,9,,46,F,6
SEN,E,#1366356,TGFb,4,3,2,9,8,TGFb.4.SEN,TGFb.4.E,67,C,9,,15,G,2
HDFn,B,#1366356,TGFb,12,3,2,9,8,TGFb.12.HDFn,TGFb.12.B,68,D,9,,51,C,7
Adult,H,#1090465,TGFb,0.5,3,2,9,8,TGFb.0.5.Adult,TGFb.0.5.H,69,E,9,,61,E,8
HDFn,B,#1366356,TGFb,96,3,2,9,8,TGFb.96.HDFn,TGFb.96.B,70,F,9,,5,E,1
SEN,E,#1366356,TGFb,24,3,2,9,8,TGFb.24.SEN,TGFb.24.E,71,G,9,,32,H,4
HDFn,B,#1366356,Control,48,3,2,9,8,Control.48.HDFn,Control.48.B,72,H,9,,24,H,3
HDFn,C,#1206197,TGFb,72,3,3,15,9,TGFb.72.HDFn,TGFb.72.C,1,A,1,,15,G,2
SEN,F,#1206197,TGFb,48,3,3,15,9,TGFb.48.SEN,TGFb.48.F,2,B,1,,60,D,8
SEN,F,#1206197,Control,12,3,3,15,9,Control.12.SEN,Control.12.F,3,C,1,,72,H,9
SEN,F,#1206197,Control,48,3,3,15,9,Control.48.SEN,Control.48.F,4,D,1,,44,D,6
HDFn,C,#1206197,Control,3,3,3,15,9,Control.3.HDFn,Control.3.C,5,E,1,,24,H,3
SEN,F,#1206197,Control,8,3,3,15,9,Control.8.SEN,Control.8.F,6,F,1,,38,F,5
SEN,F,#1206197,TGFb,1,3,3,15,9,TGFb.1.SEN,TGFb.1.F,7,G,1,,55,G,7
HDFn,C,#1206197,TGFb,24,3,3,15,9,TGFb.24.HDFn,TGFb.24.C,8,H,1,,41,A,6
SEN,F,#1206197,Control,4,3,3,15,9,Control.4.SEN,Control.4.F,9,A,2,,13,E,2
HDFn,C,#1206197,Baseline,96,3,3,15,9,Baseline.96.HDFn,Baseline.96.C,10,B,2,,32,H,4
Adult,I,#200910-901,Control,72,3,3,15,9,Control.72.Adult,Control.72.I,11,C,2,,21,E,3
SEN,F,#1206197,TGFb,12,3,3,15,9,TGFb.12.SEN,TGFb.12.F,12,D,2,,20,D,3
SEN,F,#1206197,Control,96,3,3,15,9,Control.96.SEN,Control.96.F,13,E,2,,22,F,3
HDFn,C,#1206197,TGFb,2,3,3,15,9,TGFb.2.HDFn,TGFb.2.C,14,F,2,,9,A,2
Adult,I,#200910-901,Control,12,3,3,15,9,Control.12.Adult,Control.12.I,15,G,2,,51,C,7
Adult,I,#200910-901,Control,96,3,3,15,9,Control.96.Adult,Control.96.I,16,H,2,,40,H,5
SEN,F,#1206197,TGFb,0.5,3,3,15,9,TGFb.0.5.SEN,TGFb.0.5.F,17,A,3,,42,B,6
Adult,I,#200910-901,Baseline,0,3,3,15,9,Baseline.0.Adult,Baseline.0.I,18,B,3,,46,F,6
Adult,I,#200910-901,TGFb,72,3,3,15,9,TGFb.72.Adult,TGFb.72.I,19,C,3,,35,C,5
HDFn,C,#1206197,Baseline,0,3,3,15,9,Baseline.0.HDFn,Baseline.0.C,20,D,3,,16,H,2
SEN,F,#1206197,Control,1,3,3,15,9,Control.1.SEN,Control.1.F,21,E,3,,5,E,1
SEN,F,#1206197,Baseline,96,3,3,15,9,Baseline.96.SEN,Baseline.96.F,22,F,3,,39,G,5
Adult,I,#200910-901,TGFb,96,3,3,15,9,TGFb.96.Adult,TGFb.96.I,23,G,3,,45,E,6
HDFn,C,#1206197,Control,1,3,3,15,9,Control.1.HDFn,Control.1.C,24,H,3,,34,B,5
HDFn,C,#1206197,TGFb,3,3,3,15,9,TGFb.3.HDFn,TGFb.3.C,25,A,4,,31,G,4
Adult,I,#200910-901,TGFb,1,3,3,15,9,TGFb.1.Adult,TGFb.1.I,26,B,4,,14,F,2
SEN,F,#1206197,Baseline,0,3,3,15,9,Baseline.0.SEN,Baseline.0.F,27,C,4,,57,A,8
Adult,I,#200910-901,TGFb,2,3,3,15,9,TGFb.2.Adult,TGFb.2.I,28,D,4,,59,C,8
HDFn,C,#1206197,TGFb,4,3,3,15,9,TGFb.4.HDFn,TGFb.4.C,29,E,4,,28,D,4
HDFn,C,#1206197,TGFb,8,3,3,15,9,TGFb.8.HDFn,TGFb.8.C,30,F,4,,36,D,5
SEN,F,#1206197,TGFb,3,3,3,15,9,TGFb.3.SEN,TGFb.3.F,31,G,4,,25,A,4
HDFn,C,#1206197,Control,72,3,3,15,9,Control.72.HDFn,Control.72.C,32,H,4,,50,B,7
HDFn,C,#1206197,Control,8,3,3,15,9,Control.8.HDFn,Control.8.C,33,A,5,,47,G,6
SEN,F,#1206197,TGFb,24,3,3,15,9,TGFb.24.SEN,TGFb.24.F,34,B,5,,66,B,9
HDFn,C,#1206197,Control,96,3,3,15,9,Control.96.HDFn,Control.96.C,35,C,5,,52,D,7
Adult,I,#200910-901,Control,48,3,3,15,9,Control.48.Adult,Control.48.I,36,D,5,,58,B,8
Adult,I,#200910-901,TGFb,3,3,3,15,9,TGFb.3.Adult,TGFb.3.I,37,E,5,,48,H,6
HDFn,C,#1206197,TGFb,0.5,3,3,15,9,TGFb.0.5.HDFn,TGFb.0.5.C,38,F,5,,62,F,8
SEN,F,#1206197,TGFb,96,3,3,15,9,TGFb.96.SEN,TGFb.96.F,39,G,5,,68,D,9
Adult,I,#200910-901,TGFb,4,3,3,15,9,TGFb.4.Adult,TGFb.4.I,40,H,5,,43,C,6
HDFn,C,#1206197,TGFb,1,3,3,15,9,TGFb.1.HDFn,TGFb.1.C,41,A,6,,19,C,3
HDFn,C,#1206197,TGFb,12,3,3,15,9,TGFb.12.HDFn,TGFb.12.C,42,B,6,,4,D,1
Adult,I,#200910-901,TGFb,48,3,3,15,9,TGFb.48.Adult,TGFb.48.I,43,C,6,,67,C,9
Adult,I,#200910-901,Control,2,3,3,15,9,Control.2.Adult,Control.2.I,44,D,6,,37,E,5
Adult,I,#200910-901,Control,1,3,3,15,9,Control.1.Adult,Control.1.I,45,E,6,,3,C,1
Adult,I,#200910-901,Control,0.5,3,3,15,9,Control.0.5.Adult,Control.0.5.I,46,F,6,,12,D,2
HDFn,C,#1206197,Control,24,3,3,15,9,Control.24.HDFn,Control.24.C,47,G,6,,2,B,1
HDFn,C,#1206197,Control,4,3,3,15,9,Control.4.HDFn,Control.4.C,48,H,6,,69,E,9
Adult,I,#200910-901,TGFb,0.5,3,3,15,9,TGFb.0.5.Adult,TGFb.0.5.I,49,A,7,,61,E,8
Adult,I,#200910-901,Control,24,3,3,15,9,Control.24.Adult,Control.24.I,50,B,7,,29,E,4
SEN,F,#1206197,Control,72,3,3,15,9,Control.72.SEN,Control.72.F,51,C,7,,1,A,1
HDFn,C,#1206197,Control,0.5,3,3,15,9,Control.0.5.HDFn,Control.0.5.C,52,D,7,,71,G,9
SEN,F,#1206197,TGFb,8,3,3,15,9,TGFb.8.SEN,TGFb.8.F,53,E,7,,27,C,4
HDFn,C,#1206197,TGFb,96,3,3,15,9,TGFb.96.HDFn,TGFb.96.C,54,F,7,,6,F,1
Adult,I,#200910-901,Control,3,3,3,15,9,Control.3.Adult,Control.3.I,55,G,7,,49,A,7
SEN,F,#1206197,Control,0.5,3,3,15,9,Control.0.5.SEN,Control.0.5.F,56,H,7,,26,B,4
Adult,I,#200910-901,Baseline,96,3,3,15,9,Baseline.96.Adult,Baseline.96.I,57,A,8,,18,B,3
SEN,F,#1206197,Control,24,3,3,15,9,Control.24.SEN,Control.24.F,58,B,8,,54,F,7
Adult,I,#200910-901,TGFb,12,3,3,15,9,TGFb.12.Adult,TGFb.12.I,59,C,8,,56,H,7
Adult,I,#200910-901,TGFb,8,3,3,15,9,TGFb.8.Adult,TGFb.8.I,60,D,8,,53,E,7
SEN,F,#1206197,Control,3,3,3,15,9,Control.3.SEN,Control.3.F,61,E,8,,30,F,4
HDFn,C,#1206197,TGFb,48,3,3,15,9,TGFb.48.HDFn,TGFb.48.C,62,F,8,,70,F,9
SEN,F,#1206197,Control,2,3,3,15,9,Control.2.SEN,Control.2.F,63,G,8,,10,B,2
SEN,F,#1206197,TGFb,4,3,3,15,9,TGFb.4.SEN,TGFb.4.F,64,H,8,,23,G,3
SEN,F,#1206197,TGFb,2,3,3,15,9,TGFb.2.SEN,TGFb.2.F,65,A,9,,64,H,8
HDFn,C,#1206197,Control,48,3,3,15,9,Control.48.HDFn,Control.48.C,66,B,9,,8,H,1
Adult,I,#200910-901,Control,8,3,3,15,9,Control.8.Adult,Control.8.I,67,C,9,,33,A,5
HDFn,C,#1206197,Control,2,3,3,15,9,Control.2.HDFn,Control.2.C,68,D,9,,11,C,2
Adult,I,#200910-901,TGFb,24,3,3,15,9,TGFb.24.Adult,TGFb.24.I,69,E,9,,7,G,1
HDFn,C,#1206197,Control,12,3,3,15,9,Control.12.HDFn,Control.12.C,70,F,9,,17,A,3
Adult,I,#200910-901,Control,4,3,3,15,9,Control.4.Adult,Control.4.I,71,G,9,,65,A,9
SEN,F,#1206197,TGFb,72,3,3,15,9,TGFb.72.SEN,TGFb.72.F,72,H,9,,63,G,8
Adult,I,#200910-901,TGFb,72,4,3,16,10,TGFb.72.Adult,TGFb.72.I,1,A,1,,12,D,2
HDFn,C,#1206197,Control,2,4,3,16,10,Control.2.HDFn,Control.2.C,2,B,1,,47,G,6
SEN,F,#1206197,TGFb,3,4,3,16,10,TGFb.3.SEN,TGFb.3.F,3,C,1,,56,H,7
Adult,I,#200910-901,TGFb,48,4,3,16,10,TGFb.48.Adult,TGFb.48.I,4,D,1,,16,H,2
SEN,F,#1206197,Control,2,4,3,16,10,Control.2.SEN,Control.2.F,5,E,1,,3,C,1
HDFn,C,#1206197,Control,48,4,3,16,10,Control.48.HDFn,Control.48.C,6,F,1,,53,E,7
SEN,F,#1206197,TGFb,4,4,3,16,10,TGFb.4.SEN,TGFb.4.F,7,G,1,,49,A,7
Adult,I,#200910-901,TGFb,0.5,4,3,16,10,TGFb.0.5.Adult,TGFb.0.5.I,8,H,1,,43,C,6
HDFn,C,#1206197,TGFb,12,4,3,16,10,TGFb.12.HDFn,TGFb.12.C,9,A,2,,40,H,5
SEN,F,#1206197,Control,12,4,3,16,10,Control.12.SEN,Control.12.F,10,B,2,,58,B,8
HDFn,C,#1206197,Control,24,4,3,16,10,Control.24.HDFn,Control.24.C,11,C,2,,63,G,8
HDFn,C,#1206197,TGFb,96,4,3,16,10,TGFb.96.HDFn,TGFb.96.C,12,D,2,,50,B,7
SEN,F,#1206197,TGFb,2,4,3,16,10,TGFb.2.SEN,TGFb.2.F,13,E,2,,52,D,7
SEN,F,#1206197,TGFb,96,4,3,16,10,TGFb.96.SEN,TGFb.96.F,14,F,2,,48,H,6
HDFn,C,#1206197,TGFb,3,4,3,16,10,TGFb.3.HDFn,TGFb.3.C,15,G,2,,34,B,5
Adult,I,#200910-901,Control,3,4,3,16,10,Control.3.Adult,Control.3.I,16,H,2,,44,D,6
Adult,I,#200910-901,TGFb,8,4,3,16,10,TGFb.8.Adult,TGFb.8.I,17,A,3,,15,G,2
HDFn,C,#1206197,TGFb,72,4,3,16,10,TGFb.72.HDFn,TGFb.72.C,18,B,3,,64,H,8
HDFn,C,#1206197,Control,0.5,4,3,16,10,Control.0.5.HDFn,Control.0.5.C,19,C,3,,51,C,7
Adult,I,#200910-901,Control,72,4,3,16,10,Control.72.Adult,Control.72.I,20,D,3,,67,C,9
SEN,F,#1206197,TGFb,72,4,3,16,10,TGFb.72.SEN,TGFb.72.F,21,E,3,,5,E,1
Adult,I,#200910-901,TGFb,2,4,3,16,10,TGFb.2.Adult,TGFb.2.I,22,F,3,,72,H,9
Adult,I,#200910-901,TGFb,4,4,3,16,10,TGFb.4.Adult,TGFb.4.I,23,G,3,,70,F,9
Adult,I,#200910-901,TGFb,3,4,3,16,10,TGFb.3.Adult,TGFb.3.I,24,H,3,,17,A,3
SEN,F,#1206197,Control,48,4,3,16,10,Control.48.SEN,Control.48.F,25,A,4,,66,B,9
Adult,I,#200910-901,Control,12,4,3,16,10,Control.12.Adult,Control.12.I,26,B,4,,33,A,5
SEN,F,#1206197,TGFb,0.5,4,3,16,10,TGFb.0.5.SEN,TGFb.0.5.F,27,C,4,,62,F,8
Adult,I,#200910-901,TGFb,24,4,3,16,10,TGFb.24.Adult,TGFb.24.I,28,D,4,,28,D,4
Adult,I,#200910-901,Control,0.5,4,3,16,10,Control.0.5.Adult,Control.0.5.I,29,E,4,,31,G,4
SEN,F,#1206197,TGFb,1,4,3,16,10,TGFb.1.SEN,TGFb.1.F,30,F,4,,18,B,3
Adult,I,#200910-901,Baseline,0,4,3,16,10,Baseline.0.Adult,Baseline.0.I,31,G,4,,35,C,5
HDFn,C,#1206197,Baseline,96,4,3,16,10,Baseline.96.HDFn,Baseline.96.C,32,H,4,,42,B,6
HDFn,C,#1206197,Control,1,4,3,16,10,Control.1.HDFn,Control.1.C,33,A,5,,71,G,9
SEN,F,#1206197,Control,96,4,3,16,10,Control.96.SEN,Control.96.F,34,B,5,,69,E,9
Adult,I,#200910-901,Control,24,4,3,16,10,Control.24.Adult,Control.24.I,35,C,5,,46,F,6
SEN,F,#1206197,Control,0.5,4,3,16,10,Control.0.5.SEN,Control.0.5.F,36,D,5,,13,E,2
HDFn,C,#1206197,Baseline,0,4,3,16,10,Baseline.0.HDFn,Baseline.0.C,37,E,5,,29,E,4
Adult,I,#200910-901,Control,1,4,3,16,10,Control.1.Adult,Control.1.I,38,F,5,,23,G,3
HDFn,C,#1206197,Control,12,4,3,16,10,Control.12.HDFn,Control.12.C,39,G,5,,32,H,4
Adult,I,#200910-901,TGFb,12,4,3,16,10,TGFb.12.Adult,TGFb.12.I,40,H,5,,39,G,5
SEN,F,#1206197,Control,3,4,3,16,10,Control.3.SEN,Control.3.F,41,A,6,,20,D,3
Adult,I,#200910-901,Control,4,4,3,16,10,Control.4.Adult,Control.4.I,42,B,6,,27,C,4
Adult,I,#200910-901,TGFb,1,4,3,16,10,TGFb.1.Adult,TGFb.1.I,43,C,6,,4,D,1
HDFn,C,#1206197,TGFb,4,4,3,16,10,TGFb.4.HDFn,TGFb.4.C,44,D,6,,6,F,1
Adult,I,#200910-901,Baseline,96,4,3,16,10,Baseline.96.Adult,Baseline.96.I,45,E,6,,11,C,2
SEN,F,#1206197,Control,72,4,3,16,10,Control.72.SEN,Control.72.F,46,F,6,,61,E,8
Adult,I,#200910-901,Control,96,4,3,16,10,Control.96.Adult,Control.96.I,47,G,6,,25,A,4
SEN,F,#1206197,TGFb,48,4,3,16,10,TGFb.48.SEN,TGFb.48.F,48,H,6,,54,F,7
HDFn,C,#1206197,Control,72,4,3,16,10,Control.72.HDFn,Control.72.C,49,A,7,,19,C,3
HDFn,C,#1206197,TGFb,0.5,4,3,16,10,TGFb.0.5.HDFn,TGFb.0.5.C,50,B,7,,9,A,2
HDFn,C,#1206197,Control,8,4,3,16,10,Control.8.HDFn,Control.8.C,51,C,7,,21,E,3
HDFn,C,#1206197,Control,3,4,3,16,10,Control.3.HDFn,Control.3.C,52,D,7,,10,B,2
Adult,I,#200910-901,TGFb,96,4,3,16,10,TGFb.96.Adult,TGFb.96.I,53,E,7,,65,A,9
SEN,F,#1206197,Control,4,4,3,16,10,Control.4.SEN,Control.4.F,54,F,7,,2,B,1
Adult,I,#200910-901,Control,2,4,3,16,10,Control.2.Adult,Control.2.I,55,G,7,,7,G,1
HDFn,C,#1206197,TGFb,48,4,3,16,10,TGFb.48.HDFn,TGFb.48.C,56,H,7,,57,A,8
SEN,F,#1206197,Control,1,4,3,16,10,Control.1.SEN,Control.1.F,57,A,8,,36,D,5
HDFn,C,#1206197,TGFb,8,4,3,16,10,TGFb.8.HDFn,TGFb.8.C,58,B,8,,1,A,1
SEN,F,#1206197,TGFb,8,4,3,16,10,TGFb.8.SEN,TGFb.8.F,59,C,8,,38,F,5
Adult,I,#200910-901,Control,8,4,3,16,10,Control.8.Adult,Control.8.I,60,D,8,,14,F,2
SEN,F,#1206197,Baseline,96,4,3,16,10,Baseline.96.SEN,Baseline.96.F,61,E,8,,59,C,8
Adult,I,#200910-901,Control,48,4,3,16,10,Control.48.Adult,Control.48.I,62,F,8,,22,F,3
SEN,F,#1206197,TGFb,24,4,3,16,10,TGFb.24.SEN,TGFb.24.F,63,G,8,,37,E,5
HDFn,C,#1206197,TGFb,1,4,3,16,10,TGFb.1.HDFn,TGFb.1.C,64,H,8,,45,E,6
SEN,F,#1206197,Baseline,0,4,3,16,10,Baseline.0.SEN,Baseline.0.F,65,A,9,,24,H,3
HDFn,C,#1206197,TGFb,24,4,3,16,10,TGFb.24.HDFn,TGFb.24.C,66,B,9,,60,D,8
SEN,F,#1206197,Control,24,4,3,16,10,Control.24.SEN,Control.24.F,67,C,9,,68,D,9
HDFn,C,#1206197,TGFb,2,4,3,16,10,TGFb.2.HDFn,TGFb.2.C,68,D,9,,30,F,4
SEN,F,#1206197,TGFb,12,4,3,16,10,TGFb.12.SEN,TGFb.12.F,69,E,9,,55,G,7
HDFn,C,#1206197,Control,4,4,3,16,10,Control.4.HDFn,Control.4.C,70,F,9,,41,A,6
SEN,F,#1206197,Control,8,4,3,16,10,Control.8.SEN,Control.8.F,71,G,9,,26,B,4
HDFn,C,#1206197,Control,96,4,3,16,10,Control.96.HDFn,Control.96.C,72,H,9,,8,H,1
HDFn,B,#1366356,Control,0.5,4,2,10,11,Control.0.5.HDFn,Control.0.5.B,1,A,1,,44,D,6
Adult,H,#1090465,Baseline,96,4,2,10,11,Baseline.96.Adult,Baseline.96.H,2,B,1,,25,A,4
SEN,E,#1366356,Control,12,4,2,10,11,Control.12.SEN,Control.12.E,3,C,1,,17,A,3
HDFn,B,#1366356,Control,3,4,2,10,11,Control.3.HDFn,Control.3.B,4,D,1,,14,F,2
HDFn,B,#1366356,TGFb,1,4,2,10,11,TGFb.1.HDFn,TGFb.1.B,5,E,1,,23,G,3
Adult,H,#1090465,TGFb,2,4,2,10,11,TGFb.2.Adult,TGFb.2.H,6,F,1,,45,E,6
HDFn,B,#1366356,TGFb,24,4,2,10,11,TGFb.24.HDFn,TGFb.24.B,7,G,1,,34,B,5
SEN,E,#1366356,Control,2,4,2,10,11,Control.2.SEN,Control.2.E,8,H,1,,32,H,4
SEN,E,#1366356,Control,0.5,4,2,10,11,Control.0.5.SEN,Control.0.5.E,9,A,2,,24,H,3
HDFn,B,#1366356,TGFb,96,4,2,10,11,TGFb.96.HDFn,TGFb.96.B,10,B,2,,36,D,5
SEN,E,#1366356,TGFb,1,4,2,10,11,TGFb.1.SEN,TGFb.1.E,11,C,2,,68,D,9
HDFn,B,#1366356,Baseline,0,4,2,10,11,Baseline.0.HDFn,Baseline.0.B,12,D,2,,28,D,4
SEN,E,#1366356,Baseline,96,4,2,10,11,Baseline.96.SEN,Baseline.96.E,13,E,2,,11,C,2
SEN,E,#1366356,TGFb,48,4,2,10,11,TGFb.48.SEN,TGFb.48.E,14,F,2,,21,E,3
HDFn,B,#1366356,Control,12,4,2,10,11,Control.12.HDFn,Control.12.B,15,G,2,,49,A,7
Adult,H,#1090465,Control,48,4,2,10,11,Control.48.Adult,Control.48.H,16,H,2,,63,G,8
Adult,H,#1090465,Control,8,4,2,10,11,Control.8.Adult,Control.8.H,17,A,3,,43,C,6
HDFn,B,#1366356,Control,1,4,2,10,11,Control.1.HDFn,Control.1.B,18,B,3,,20,D,3
Adult,H,#1090465,TGFb,12,4,2,10,11,TGFb.12.Adult,TGFb.12.H,19,C,3,,27,C,4
SEN,E,#1366356,Control,4,4,2,10,11,Control.4.SEN,Control.4.E,20,D,3,,33,A,5
Adult,H,#1090465,TGFb,72,4,2,10,11,TGFb.72.Adult,TGFb.72.H,21,E,3,,7,G,1
HDFn,B,#1366356,TGFb,3,4,2,10,11,TGFb.3.HDFn,TGFb.3.B,22,F,3,,60,D,8
HDFn,B,#1366356,TGFb,2,4,2,10,11,TGFb.2.HDFn,TGFb.2.B,23,G,3,,15,G,2
HDFn,B,#1366356,TGFb,4,4,2,10,11,TGFb.4.HDFn,TGFb.4.B,24,H,3,,18,B,3
HDFn,B,#1366356,Control,96,4,2,10,11,Control.96.HDFn,Control.96.B,25,A,4,,52,D,7
SEN,E,#1366356,Control,96,4,2,10,11,Control.96.SEN,Control.96.E,26,B,4,,38,F,5
SEN,E,#1366356,TGFb,96,4,2,10,11,TGFb.96.SEN,TGFb.96.E,27,C,4,,40,H,5
Adult,H,#1090465,Control,96,4,2,10,11,Control.96.Adult,Control.96.H,28,D,4,,58,B,8
HDFn,B,#1366356,TGFb,8,4,2,10,11,TGFb.8.HDFn,TGFb.8.B,29,E,4,,31,G,4
HDFn,B,#1366356,Control,24,4,2,10,11,Control.24.HDFn,Control.24.B,30,F,4,,50,B,7
HDFn,B,#1366356,Control,48,4,2,10,11,Control.48.HDFn,Control.48.B,31,G,4,,41,A,6
SEN,E,#1366356,Control,8,4,2,10,11,Control.8.SEN,Control.8.E,32,H,4,,65,A,9
HDFn,B,#1366356,Control,72,4,2,10,11,Control.72.HDFn,Control.72.B,33,A,5,,5,E,1
Adult,H,#1090465,TGFb,8,4,2,10,11,TGFb.8.Adult,TGFb.8.H,34,B,5,,29,E,4
HDFn,B,#1366356,Control,4,4,2,10,11,Control.4.HDFn,Control.4.B,35,C,5,,6,F,1
Adult,H,#1090465,TGFb,3,4,2,10,11,TGFb.3.Adult,TGFb.3.H,36,D,5,,56,H,7
HDFn,B,#1366356,Control,2,4,2,10,11,Control.2.HDFn,Control.2.B,37,E,5,,47,G,6
SEN,E,#1366356,Baseline,0,4,2,10,11,Baseline.0.SEN,Baseline.0.E,38,F,5,,71,G,9
SEN,E,#1366356,TGFb,4,4,2,10,11,TGFb.4.SEN,TGFb.4.E,39,G,5,,1,A,1
HDFn,B,#1366356,Control,8,4,2,10,11,Control.8.HDFn,Control.8.B,40,H,5,,62,F,8
Adult,H,#1090465,TGFb,1,4,2,10,11,TGFb.1.Adult,TGFb.1.H,41,A,6,,59,C,8
Adult,H,#1090465,Control,4,4,2,10,11,Control.4.Adult,Control.4.H,42,B,6,,8,H,1
SEN,E,#1366356,TGFb,24,4,2,10,11,TGFb.24.SEN,TGFb.24.E,43,C,6,,4,D,1
Adult,H,#1090465,TGFb,96,4,2,10,11,TGFb.96.Adult,TGFb.96.H,44,D,6,,9,A,2
SEN,E,#1366356,Control,24,4,2,10,11,Control.24.SEN,Control.24.E,45,E,6,,51,C,7
SEN,E,#1366356,TGFb,2,4,2,10,11,TGFb.2.SEN,TGFb.2.E,46,F,6,,57,A,8
Adult,H,#1090465,Control,24,4,2,10,11,Control.24.Adult,Control.24.H,47,G,6,,66,B,9
Adult,H,#1090465,TGFb,48,4,2,10,11,TGFb.48.Adult,TGFb.48.H,48,H,6,,13,E,2
Adult,H,#1090465,Control,0.5,4,2,10,11,Control.0.5.Adult,Control.0.5.H,49,A,7,,22,F,3
SEN,E,#1366356,TGFb,3,4,2,10,11,TGFb.3.SEN,TGFb.3.E,50,B,7,,69,E,9
Adult,H,#1090465,TGFb,24,4,2,10,11,TGFb.24.Adult,TGFb.24.H,51,C,7,,70,F,9
HDFn,B,#1366356,Baseline,96,4,2,10,11,Baseline.96.HDFn,Baseline.96.B,52,D,7,,37,E,5
HDFn,B,#1366356,TGFb,0.5,4,2,10,11,TGFb.0.5.HDFn,TGFb.0.5.B,53,E,7,,46,F,6
Adult,H,#1090465,TGFb,0.5,4,2,10,11,TGFb.0.5.Adult,TGFb.0.5.H,54,F,7,,12,D,2
SEN,E,#1366356,TGFb,72,4,2,10,11,TGFb.72.SEN,TGFb.72.E,55,G,7,,30,F,4
HDFn,B,#1366356,TGFb,12,4,2,10,11,TGFb.12.HDFn,TGFb.12.B,56,H,7,,16,H,2
Adult,H,#1090465,Control,72,4,2,10,11,Control.72.Adult,Control.72.H,57,A,8,,72,H,9
SEN,E,#1366356,TGFb,8,4,2,10,11,TGFb.8.SEN,TGFb.8.E,58,B,8,,67,C,9
SEN,E,#1366356,Control,1,4,2,10,11,Control.1.SEN,Control.1.E,59,C,8,,26,B,4
SEN,E,#1366356,Control,72,4,2,10,11,Control.72.SEN,Control.72.E,60,D,8,,48,H,6
SEN,E,#1366356,Control,48,4,2,10,11,Control.48.SEN,Control.48.E,61,E,8,,53,E,7
HDFn,B,#1366356,TGFb,72,4,2,10,11,TGFb.72.HDFn,TGFb.72.B,62,F,8,,54,F,7
Adult,H,#1090465,TGFb,4,4,2,10,11,TGFb.4.Adult,TGFb.4.H,63,G,8,,64,H,8
Adult,H,#1090465,Control,2,4,2,10,11,Control.2.Adult,Control.2.H,64,H,8,,10,B,2
Adult,H,#1090465,Control,1,4,2,10,11,Control.1.Adult,Control.1.H,65,A,9,,61,E,8
Adult,H,#1090465,Control,3,4,2,10,11,Control.3.Adult,Control.3.H,66,B,9,,35,C,5
Adult,H,#1090465,Baseline,0,4,2,10,11,Baseline.0.Adult,Baseline.0.H,67,C,9,,2,B,1
SEN,E,#1366356,Control,3,4,2,10,11,Control.3.SEN,Control.3.E,68,D,9,,55,G,7
Adult,H,#1090465,Control,12,4,2,10,11,Control.12.Adult,Control.12.H,69,E,9,,3,C,1
HDFn,B,#1366356,TGFb,48,4,2,10,11,TGFb.48.HDFn,TGFb.48.B,70,F,9,,39,G,5
SEN,E,#1366356,TGFb,12,4,2,10,11,TGFb.12.SEN,TGFb.12.E,71,G,9,,19,C,3
SEN,E,#1366356,TGFb,0.5,4,2,10,11,TGFb.0.5.SEN,TGFb.0.5.E,72,H,9,,42,B,6
HDFn,A,#1366434,Control,4,4,1,4,12,Control.4.HDFn,Control.4.A,1,A,1,,15,G,2
SEN,D,#1366434,Control,0.5,4,1,4,12,Control.0.5.SEN,Control.0.5.D,2,B,1,,46,F,6
SEN,D,#1366434,TGFb,1,4,1,4,12,TGFb.1.SEN,TGFb.1.D,3,C,1,,54,F,7
Adult,G,#1528526,Baseline,96,4,1,4,12,Baseline.96.Adult,Baseline.96.G,4,D,1,,24,H,3
HDFn,A,#1366434,TGFb,4,4,1,4,12,TGFb.4.HDFn,TGFb.4.A,5,E,1,,57,A,8
Adult,G,#1528526,Control,24,4,1,4,12,Control.24.Adult,Control.24.G,6,F,1,,34,B,5
Adult,G,#1528526,TGFb,72,4,1,4,12,TGFb.72.Adult,TGFb.72.G,7,G,1,,20,D,3
SEN,D,#1366434,TGFb,2,4,1,4,12,TGFb.2.SEN,TGFb.2.D,8,H,1,,53,E,7
SEN,D,#1366434,TGFb,4,4,1,4,12,TGFb.4.SEN,TGFb.4.D,9,A,2,,17,A,3
HDFn,A,#1366434,Control,12,4,1,4,12,Control.12.HDFn,Control.12.A,10,B,2,,36,D,5
HDFn,A,#1366434,Control,8,4,1,4,12,Control.8.HDFn,Control.8.A,11,C,2,,9,A,2
SEN,D,#1366434,TGFb,24,4,1,4,12,TGFb.24.SEN,TGFb.24.D,12,D,2,,63,G,8
SEN,D,#1366434,TGFb,12,4,1,4,12,TGFb.12.SEN,TGFb.12.D,13,E,2,,12,D,2
HDFn,A,#1366434,Control,24,4,1,4,12,Control.24.HDFn,Control.24.A,14,F,2,,47,G,6
HDFn,A,#1366434,Control,1,4,1,4,12,Control.1.HDFn,Control.1.A,15,G,2,,38,F,5
Adult,G,#1528526,Control,0.5,4,1,4,12,Control.0.5.Adult,Control.0.5.G,16,H,2,,71,G,9
Adult,G,#1528526,Control,48,4,1,4,12,Control.48.Adult,Control.48.G,17,A,3,,45,E,6
HDFn,A,#1366434,Control,3,4,1,4,12,Control.3.HDFn,Control.3.A,18,B,3,,25,A,4
HDFn,A,#1366434,Control,96,4,1,4,12,Control.96.HDFn,Control.96.A,19,C,3,,60,D,8
Adult,G,#1528526,TGFb,8,4,1,4,12,TGFb.8.Adult,TGFb.8.G,20,D,3,,44,D,6
Adult,G,#1528526,TGFb,2,4,1,4,12,TGFb.2.Adult,TGFb.2.G,21,E,3,,18,B,3
HDFn,A,#1366434,TGFb,8,4,1,4,12,TGFb.8.HDFn,TGFb.8.A,22,F,3,,66,B,9
Adult,G,#1528526,Control,1,4,1,4,12,Control.1.Adult,Control.1.G,23,G,3,,68,D,9
HDFn,A,#1366434,Baseline,96,4,1,4,12,Baseline.96.HDFn,Baseline.96.A,24,H,3,,3,C,1
HDFn,A,#1366434,Baseline,0,4,1,4,12,Baseline.0.HDFn,Baseline.0.A,25,A,4,,6,F,1
SEN,D,#1366434,Control,3,4,1,4,12,Control.3.SEN,Control.3.D,26,B,4,,33,A,5
Adult,G,#1528526,TGFb,12,4,1,4,12,TGFb.12.Adult,TGFb.12.G,27,C,4,,27,C,4
Adult,G,#1528526,Control,12,4,1,4,12,Control.12.Adult,Control.12.G,28,D,4,,65,A,9
SEN,D,#1366434,Control,4,4,1,4,12,Control.4.SEN,Control.4.D,29,E,4,,19,C,3
SEN,D,#1366434,Control,72,4,1,4,12,Control.72.SEN,Control.72.D,30,F,4,,55,G,7
HDFn,A,#1366434,TGFb,2,4,1,4,12,TGFb.2.HDFn,TGFb.2.A,31,G,4,,8,H,1
Adult,G,#1528526,Control,2,4,1,4,12,Control.2.Adult,Control.2.G,32,H,4,,43,C,6
SEN,D,#1366434,TGFb,72,4,1,4,12,TGFb.72.SEN,TGFb.72.D,33,A,5,,70,F,9
HDFn,A,#1366434,TGFb,72,4,1,4,12,TGFb.72.HDFn,TGFb.72.A,34,B,5,,51,C,7
Adult,G,#1528526,Control,4,4,1,4,12,Control.4.Adult,Control.4.G,35,C,5,,14,F,2
SEN,D,#1366434,Control,48,4,1,4,12,Control.48.SEN,Control.48.D,36,D,5,,41,A,6
HDFn,A,#1366434,Control,0.5,4,1,4,12,Control.0.5.HDFn,Control.0.5.A,37,E,5,,5,E,1
SEN,D,#1366434,TGFb,8,4,1,4,12,TGFb.8.SEN,TGFb.8.D,38,F,5,,40,H,5
HDFn,A,#1366434,TGFb,48,4,1,4,12,TGFb.48.HDFn,TGFb.48.A,39,G,5,,29,E,4
HDFn,A,#1366434,TGFb,96,4,1,4,12,TGFb.96.HDFn,TGFb.96.A,40,H,5,,10,B,2
Adult,G,#1528526,Control,3,4,1,4,12,Control.3.Adult,Control.3.G,41,A,6,,50,B,7
HDFn,A,#1366434,Control,72,4,1,4,12,Control.72.HDFn,Control.72.A,42,B,6,,56,H,7
SEN,D,#1366434,TGFb,96,4,1,4,12,TGFb.96.SEN,TGFb.96.D,43,C,6,,2,B,1
Adult,G,#1528526,TGFb,4,4,1,4,12,TGFb.4.Adult,TGFb.4.G,44,D,6,,7,G,1
Adult,G,#1528526,TGFb,24,4,1,4,12,TGFb.24.Adult,TGFb.24.G,45,E,6,,42,B,6
Adult,G,#1528526,Control,72,4,1,4,12,Control.72.Adult,Control.72.G,46,F,6,,4,D,1
Adult,G,#1528526,TGFb,48,4,1,4,12,TGFb.48.Adult,TGFb.48.G,47,G,6,,31,G,4
Adult,G,#1528526,TGFb,0.5,4,1,4,12,TGFb.0.5.Adult,TGFb.0.5.G,48,H,6,,21,E,3
SEN,D,#1366434,Control,96,4,1,4,12,Control.96.SEN,Control.96.D,49,A,7,,58,B,8
SEN,D,#1366434,Control,24,4,1,4,12,Control.24.SEN,Control.24.D,50,B,7,,64,H,8
Adult,G,#1528526,Baseline,0,4,1,4,12,Baseline.0.Adult,Baseline.0.G,51,C,7,,22,F,3
SEN,D,#1366434,Control,12,4,1,4,12,Control.12.SEN,Control.12.D,52,D,7,,48,H,6
SEN,D,#1366434,Control,2,4,1,4,12,Control.2.SEN,Control.2.D,53,E,7,,26,B,4
SEN,D,#1366434,TGFb,48,4,1,4,12,TGFb.48.SEN,TGFb.48.D,54,F,7,,30,F,4
HDFn,A,#1366434,TGFb,12,4,1,4,12,TGFb.12.HDFn,TGFb.12.A,55,G,7,,52,D,7
Adult,G,#1528526,TGFb,3,4,1,4,12,TGFb.3.Adult,TGFb.3.G,56,H,7,,35,C,5
Adult,G,#1528526,TGFb,96,4,1,4,12,TGFb.96.Adult,TGFb.96.G,57,A,8,,59,C,8
SEN,D,#1366434,Control,1,4,1,4,12,Control.1.SEN,Control.1.D,58,B,8,,28,D,4
Adult,G,#1528526,TGFb,1,4,1,4,12,TGFb.1.Adult,TGFb.1.G,59,C,8,,32,H,4
SEN,D,#1366434,Baseline,0,4,1,4,12,Baseline.0.SEN,Baseline.0.D,60,D,8,,72,H,9
SEN,D,#1366434,TGFb,0.5,4,1,4,12,TGFb.0.5.SEN,TGFb.0.5.D,61,E,8,,11,C,2
HDFn,A,#1366434,TGFb,0.5,4,1,4,12,TGFb.0.5.HDFn,TGFb.0.5.A,62,F,8,,61,E,8
Adult,G,#1528526,Control,96,4,1,4,12,Control.96.Adult,Control.96.G,63,G,8,,49,A,7
HDFn,A,#1366434,Control,48,4,1,4,12,Control.48.HDFn,Control.48.A,64,H,8,,37,E,5
HDFn,A,#1366434,Control,2,4,1,4,12,Control.2.HDFn,Control.2.A,65,A,9,,39,G,5
HDFn,A,#1366434,TGFb,3,4,1,4,12,TGFb.3.HDFn,TGFb.3.A,66,B,9,,16,H,2
SEN,D,#1366434,TGFb,3,4,1,4,12,TGFb.3.SEN,TGFb.3.D,67,C,9,,62,F,8
SEN,D,#1366434,Baseline,96,4,1,4,12,Baseline.96.SEN,Baseline.96.D,68,D,9,,13,E,2
Adult,G,#1528526,Control,8,4,1,4,12,Control.8.Adult,Control.8.G,69,E,9,,1,A,1
SEN,D,#1366434,Control,8,4,1,4,12,Control.8.SEN,Control.8.D,70,F,9,,69,E,9
HDFn,A,#1366434,TGFb,24,4,1,4,12,TGFb.24.HDFn,TGFb.24.A,71,G,9,,23,G,3
HDFn,A,#1366434,TGFb,1,4,1,4,12,TGFb.1.HDFn,TGFb.1.A,72,H,9,,67,C,9
Adult,G,#1528526,TGFb,12,5,1,5,13,TGFb.12.Adult,TGFb.12.G,1,A,1,,7,G,1
SEN,D,#1366434,Control,96,5,1,5,13,Control.96.SEN,Control.96.D,2,B,1,,44,D,6
SEN,D,#1366434,TGFb,0.5,5,1,5,13,TGFb.0.5.SEN,TGFb.0.5.D,3,C,1,,30,F,4
HDFn,A,#1366434,TGFb,2,5,1,5,13,TGFb.2.HDFn,TGFb.2.A,4,D,1,,60,D,8
HDFn,A,#1366434,Control,24,5,1,5,13,Control.24.HDFn,Control.24.A,5,E,1,,6,F,1
HDFn,A,#1366434,TGFb,96,5,1,5,13,TGFb.96.HDFn,TGFb.96.A,6,F,1,,67,C,9
Adult,G,#1528526,TGFb,3,5,1,5,13,TGFb.3.Adult,TGFb.3.G,7,G,1,,64,H,8
Adult,G,#1528526,Control,1,5,1,5,13,Control.1.Adult,Control.1.G,8,H,1,,27,C,4
HDFn,A,#1366434,Control,3,5,1,5,13,Control.3.HDFn,Control.3.A,9,A,2,,3,C,1
HDFn,A,#1366434,TGFb,24,5,1,5,13,TGFb.24.HDFn,TGFb.24.A,10,B,2,,53,E,7
HDFn,A,#1366434,Control,96,5,1,5,13,Control.96.HDFn,Control.96.A,11,C,2,,22,F,3
Adult,G,#1528526,TGFb,4,5,1,5,13,TGFb.4.Adult,TGFb.4.G,12,D,2,,16,H,2
Adult,G,#1528526,TGFb,0.5,5,1,5,13,TGFb.0.5.Adult,TGFb.0.5.G,13,E,2,,26,B,4
SEN,D,#1366434,Control,12,5,1,5,13,Control.12.SEN,Control.12.D,14,F,2,,35,C,5
SEN,D,#1366434,Control,48,5,1,5,13,Control.48.SEN,Control.48.D,15,G,2,,11,C,2
SEN,D,#1366434,TGFb,3,5,1,5,13,TGFb.3.SEN,TGFb.3.D,16,H,2,,36,D,5
HDFn,A,#1366434,TGFb,1,5,1,5,13,TGFb.1.HDFn,TGFb.1.A,17,A,3,,28,D,4
HDFn,A,#1366434,TGFb,4,5,1,5,13,TGFb.4.HDFn,TGFb.4.A,18,B,3,,34,B,5
HDFn,A,#1366434,TGFb,72,5,1,5,13,TGFb.72.HDFn,TGFb.72.A,19,C,3,,68,D,9
Adult,G,#1528526,Control,3,5,1,5,13,Control.3.Adult,Control.3.G,20,D,3,,57,A,8
HDFn,A,#1366434,Control,2,5,1,5,13,Control.2.HDFn,Control.2.A,21,E,3,,1,A,1
SEN,D,#1366434,TGFb,12,5,1,5,13,TGFb.12.SEN,TGFb.12.D,22,F,3,,72,H,9
Adult,G,#1528526,Control,72,5,1,5,13,Control.72.Adult,Control.72.G,23,G,3,,23,G,3
HDFn,A,#1366434,TGFb,0.5,5,1,5,13,TGFb.0.5.HDFn,TGFb.0.5.A,24,H,3,,41,A,6
SEN,D,#1366434,Control,2,5,1,5,13,Control.2.SEN,Control.2.D,25,A,4,,13,E,2
HDFn,A,#1366434,TGFb,48,5,1,5,13,TGFb.48.HDFn,TGFb.48.A,26,B,4,,14,F,2
SEN,D,#1366434,Control,0.5,5,1,5,13,Control.0.5.SEN,Control.0.5.D,27,C,4,,18,B,3
SEN,D,#1366434,Control,1,5,1,5,13,Control.1.SEN,Control.1.D,28,D,4,,38,F,5
Adult,G,#1528526,Control,96,5,1,5,13,Control.96.Adult,Control.96.G,29,E,4,,71,G,9
Adult,G,#1528526,TGFb,2,5,1,5,13,TGFb.2.Adult,TGFb.2.G,30,F,4,,47,G,6
Adult,G,#1528526,Control,4,5,1,5,13,Control.4.Adult,Control.4.G,31,G,4,,69,E,9
HDFn,A,#1366434,TGFb,3,5,1,5,13,TGFb.3.HDFn,TGFb.3.A,32,H,4,,62,F,8
Adult,G,#1528526,Control,8,5,1,5,13,Control.8.Adult,Control.8.G,33,A,5,,31,G,4
Adult,G,#1528526,TGFb,48,5,1,5,13,TGFb.48.Adult,TGFb.48.G,34,B,5,,56,H,7
Adult,G,#1528526,Control,2,5,1,5,13,Control.2.Adult,Control.2.G,35,C,5,,49,A,7
SEN,D,#1366434,Control,72,5,1,5,13,Control.72.SEN,Control.72.D,36,D,5,,25,A,4
SEN,D,#1366434,TGFb,2,5,1,5,13,TGFb.2.SEN,TGFb.2.D,37,E,5,,8,H,1
Adult,G,#1528526,TGFb,8,5,1,5,13,TGFb.8.Adult,TGFb.8.G,38,F,5,,70,F,9
Adult,G,#1528526,Baseline,96,5,1,5,13,Baseline.96.Adult,Baseline.96.G,39,G,5,,33,A,5
Adult,G,#1528526,Control,12,5,1,5,13,Control.12.Adult,Control.12.G,40,H,5,,48,H,6
HDFn,A,#1366434,Control,48,5,1,5,13,Control.48.HDFn,Control.48.A,41,A,6,,65,A,9
SEN,D,#1366434,TGFb,24,5,1,5,13,TGFb.24.SEN,TGFb.24.D,42,B,6,,19,C,3
Adult,G,#1528526,Control,0.5,5,1,5,13,Control.0.5.Adult,Control.0.5.G,43,C,6,,46,F,6
Adult,G,#1528526,TGFb,72,5,1,5,13,TGFb.72.Adult,TGFb.72.G,44,D,6,,66,B,9
Adult,G,#1528526,Control,48,5,1,5,13,Control.48.Adult,Control.48.G,45,E,6,,2,B,1
HDFn,A,#1366434,Control,4,5,1,5,13,Control.4.HDFn,Control.4.A,46,F,6,,45,E,6
SEN,D,#1366434,Baseline,96,5,1,5,13,Baseline.96.SEN,Baseline.96.D,47,G,6,,63,G,8
HDFn,A,#1366434,Baseline,0,5,1,5,13,Baseline.0.HDFn,Baseline.0.A,48,H,6,,51,C,7
Adult,G,#1528526,TGFb,24,5,1,5,13,TGFb.24.Adult,TGFb.24.G,49,A,7,,21,E,3
HDFn,A,#1366434,Control,1,5,1,5,13,Control.1.HDFn,Control.1.A,50,B,7,,29,E,4
Adult,G,#1528526,TGFb,96,5,1,5,13,TGFb.96.Adult,TGFb.96.G,51,C,7,,37,E,5
HDFn,A,#1366434,TGFb,8,5,1,5,13,TGFb.8.HDFn,TGFb.8.A,52,D,7,,24,H,3
HDFn,A,#1366434,Control,72,5,1,5,13,Control.72.HDFn,Control.72.A,53,E,7,,58,B,8
SEN,D,#1366434,TGFb,4,5,1,5,13,TGFb.4.SEN,TGFb.4.D,54,F,7,,10,B,2
SEN,D,#1366434,Baseline,0,5,1,5,13,Baseline.0.SEN,Baseline.0.D,55,G,7,,50,B,7
SEN,D,#1366434,TGFb,96,5,1,5,13,TGFb.96.SEN,TGFb.96.D,56,H,7,,54,F,7
HDFn,A,#1366434,TGFb,12,5,1,5,13,TGFb.12.HDFn,TGFb.12.A,57,A,8,,61,E,8
SEN,D,#1366434,TGFb,48,5,1,5,13,TGFb.48.SEN,TGFb.48.D,58,B,8,,9,A,2
SEN,D,#1366434,Control,8,5,1,5,13,Control.8.SEN,Control.8.D,59,C,8,,12,D,2
SEN,D,#1366434,Control,3,5,1,5,13,Control.3.SEN,Control.3.D,60,D,8,,59,C,8
SEN,D,#1366434,TGFb,72,5,1,5,13,TGFb.72.SEN,TGFb.72.D,61,E,8,,4,D,1
Adult,G,#1528526,Baseline,0,5,1,5,13,Baseline.0.Adult,Baseline.0.G,62,F,8,,5,E,1
SEN,D,#1366434,Control,24,5,1,5,13,Control.24.SEN,Control.24.D,63,G,8,,55,G,7
SEN,D,#1366434,Control,4,5,1,5,13,Control.4.SEN,Control.4.D,64,H,8,,42,B,6
HDFn,A,#1366434,Control,8,5,1,5,13,Control.8.HDFn,Control.8.A,65,A,9,,20,D,3
SEN,D,#1366434,TGFb,1,5,1,5,13,TGFb.1.SEN,TGFb.1.D,66,B,9,,39,G,5
HDFn,A,#1366434,Control,0.5,5,1,5,13,Control.0.5.HDFn,Control.0.5.A,67,C,9,,52,D,7
HDFn,A,#1366434,Baseline,96,5,1,5,13,Baseline.96.HDFn,Baseline.96.A,68,D,9,,17,A,3
Adult,G,#1528526,Control,24,5,1,5,13,Control.24.Adult,Control.24.G,69,E,9,,40,H,5
HDFn,A,#1366434,Control,12,5,1,5,13,Control.12.HDFn,Control.12.A,70,F,9,,32,H,4
SEN,D,#1366434,TGFb,8,5,1,5,13,TGFb.8.SEN,TGFb.8.D,71,G,9,,43,C,6
Adult,G,#1528526,TGFb,1,5,1,5,13,TGFb.1.Adult,TGFb.1.G,72,H,9,,15,G,2
HDFn,B,#1366356,Control,4,5,2,11,14,Control.4.HDFn,Control.4.B,1,A,1,,19,C,3
HDFn,B,#1366356,TGFb,12,5,2,11,14,TGFb.12.HDFn,TGFb.12.B,2,B,1,,4,D,1
HDFn,B,#1366356,TGFb,96,5,2,11,14,TGFb.96.HDFn,TGFb.96.B,3,C,1,,31,G,4
SEN,E,#1366356,Control,24,5,2,11,14,Control.24.SEN,Control.24.E,4,D,1,,36,D,5
Adult,H,#1090465,TGFb,8,5,2,11,14,TGFb.8.Adult,TGFb.8.H,5,E,1,,58,B,8
SEN,E,#1366356,TGFb,0.5,5,2,11,14,TGFb.0.5.SEN,TGFb.0.5.E,6,F,1,,56,H,7
HDFn,B,#1366356,Control,8,5,2,11,14,Control.8.HDFn,Control.8.B,7,G,1,,10,B,2
HDFn,B,#1366356,Baseline,0,5,2,11,14,Baseline.0.HDFn,Baseline.0.B,8,H,1,,5,E,1
SEN,E,#1366356,TGFb,96,5,2,11,14,TGFb.96.SEN,TGFb.96.E,9,A,2,,45,E,6
SEN,E,#1366356,TGFb,4,5,2,11,14,TGFb.4.SEN,TGFb.4.E,10,B,2,,38,F,5
Adult,H,#1090465,Control,8,5,2,11,14,Control.8.Adult,Control.8.H,11,C,2,,23,G,3
Adult,H,#1090465,Control,0.5,5,2,11,14,Control.0.5.Adult,Control.0.5.H,12,D,2,,27,C,4
SEN,E,#1366356,TGFb,72,5,2,11,14,TGFb.72.SEN,TGFb.72.E,13,E,2,,24,H,3
Adult,H,#1090465,Control,1,5,2,11,14,Control.1.Adult,Control.1.H,14,F,2,,11,C,2
HDFn,B,#1366356,Control,3,5,2,11,14,Control.3.HDFn,Control.3.B,15,G,2,,40,H,5
Adult,H,#1090465,TGFb,72,5,2,11,14,TGFb.72.Adult,TGFb.72.H,16,H,2,,70,F,9
HDFn,B,#1366356,Baseline,96,5,2,11,14,Baseline.96.HDFn,Baseline.96.B,17,A,3,,51,C,7
HDFn,B,#1366356,TGFb,8,5,2,11,14,TGFb.8.HDFn,TGFb.8.B,18,B,3,,34,B,5
SEN,E,#1366356,Baseline,96,5,2,11,14,Baseline.96.SEN,Baseline.96.E,19,C,3,,52,D,7
Adult,H,#1090465,Baseline,0,5,2,11,14,Baseline.0.Adult,Baseline.0.H,20,D,3,,32,H,4
SEN,E,#1366356,Control,12,5,2,11,14,Control.12.SEN,Control.12.E,21,E,3,,69,E,9
Adult,H,#1090465,Control,4,5,2,11,14,Control.4.Adult,Control.4.H,22,F,3,,71,G,9
SEN,E,#1366356,Control,0.5,5,2,11,14,Control.0.5.SEN,Control.0.5.E,23,G,3,,1,A,1
SEN,E,#1366356,TGFb,2,5,2,11,14,TGFb.2.SEN,TGFb.2.E,24,H,3,,16,H,2
Adult,H,#1090465,TGFb,4,5,2,11,14,TGFb.4.Adult,TGFb.4.H,25,A,4,,28,D,4
SEN,E,#1366356,TGFb,12,5,2,11,14,TGFb.12.SEN,TGFb.12.E,26,B,4,,62,F,8
Adult,H,#1090465,Control,12,5,2,11,14,Control.12.Adult,Control.12.H,27,C,4,,54,F,7
Adult,H,#1090465,Control,72,5,2,11,14,Control.72.Adult,Control.72.H,28,D,4,,53,E,7
Adult,H,#1090465,TGFb,2,5,2,11,14,TGFb.2.Adult,TGFb.2.H,29,E,4,,18,B,3
SEN,E,#1366356,Control,1,5,2,11,14,Control.1.SEN,Control.1.E,30,F,4,,6,F,1
Adult,H,#1090465,Baseline,96,5,2,11,14,Baseline.96.Adult,Baseline.96.H,31,G,4,,39,G,5
HDFn,B,#1366356,TGFb,1,5,2,11,14,TGFb.1.HDFn,TGFb.1.B,32,H,4,,44,D,6
SEN,E,#1366356,TGFb,3,5,2,11,14,TGFb.3.SEN,TGFb.3.E,33,A,5,,2,B,1
SEN,E,#1366356,TGFb,24,5,2,11,14,TGFb.24.SEN,TGFb.24.E,34,B,5,,59,C,8
SEN,E,#1366356,Control,48,5,2,11,14,Control.48.SEN,Control.48.E,35,C,5,,64,H,8
HDFn,B,#1366356,TGFb,3,5,2,11,14,TGFb.3.HDFn,TGFb.3.B,36,D,5,,48,H,6
SEN,E,#1366356,TGFb,1,5,2,11,14,TGFb.1.SEN,TGFb.1.E,37,E,5,,14,F,2
Adult,H,#1090465,Control,2,5,2,11,14,Control.2.Adult,Control.2.H,38,F,5,,68,D,9
HDFn,B,#1366356,TGFb,4,5,2,11,14,TGFb.4.HDFn,TGFb.4.B,39,G,5,,57,A,8
SEN,E,#1366356,TGFb,48,5,2,11,14,TGFb.48.SEN,TGFb.48.E,40,H,5,,63,G,8
Adult,H,#1090465,Control,3,5,2,11,14,Control.3.Adult,Control.3.H,41,A,6,,55,G,7
HDFn,B,#1366356,Control,24,5,2,11,14,Control.24.HDFn,Control.24.B,42,B,6,,21,E,3
HDFn,B,#1366356,TGFb,0.5,5,2,11,14,TGFb.0.5.HDFn,TGFb.0.5.B,43,C,6,,20,D,3
HDFn,B,#1366356,Control,48,5,2,11,14,Control.48.HDFn,Control.48.B,44,D,6,,50,B,7
SEN,E,#1366356,TGFb,8,5,2,11,14,TGFb.8.SEN,TGFb.8.E,45,E,6,,8,H,1
HDFn,B,#1366356,Control,72,5,2,11,14,Control.72.HDFn,Control.72.B,46,F,6,,60,D,8
HDFn,B,#1366356,TGFb,48,5,2,11,14,TGFb.48.HDFn,TGFb.48.B,47,G,6,,65,A,9
Adult,H,#1090465,TGFb,24,5,2,11,14,TGFb.24.Adult,TGFb.24.H,48,H,6,,7,G,1
Adult,H,#1090465,Control,24,5,2,11,14,Control.24.Adult,Control.24.H,49,A,7,,22,F,3
Adult,H,#1090465,TGFb,1,5,2,11,14,TGFb.1.Adult,TGFb.1.H,50,B,7,,66,B,9
HDFn,B,#1366356,TGFb,2,5,2,11,14,TGFb.2.HDFn,TGFb.2.B,51,C,7,,46,F,6
SEN,E,#1366356,Control,2,5,2,11,14,Control.2.SEN,Control.2.E,52,D,7,,15,G,2
SEN,E,#1366356,Control,3,5,2,11,14,Control.3.SEN,Control.3.E,53,E,7,,72,H,9
Adult,H,#1090465,Control,96,5,2,11,14,Control.96.Adult,Control.96.H,54,F,7,,41,A,6
SEN,E,#1366356,Control,96,5,2,11,14,Control.96.SEN,Control.96.E,55,G,7,,47,G,6
HDFn,B,#1366356,Control,2,5,2,11,14,Control.2.HDFn,Control.2.B,56,H,7,,33,A,5
Adult,H,#1090465,TGFb,0.5,5,2,11,14,TGFb.0.5.Adult,TGFb.0.5.H,57,A,8,,67,C,9
HDFn,B,#1366356,Control,12,5,2,11,14,Control.12.HDFn,Control.12.B,58,B,8,,43,C,6
SEN,E,#1366356,Control,4,5,2,11,14,Control.4.SEN,Control.4.E,59,C,8,,30,F,4
SEN,E,#1366356,Baseline,0,5,2,11,14,Baseline.0.SEN,Baseline.0.E,60,D,8,,49,A,7
Adult,H,#1090465,Control,48,5,2,11,14,Control.48.Adult,Control.48.H,61,E,8,,29,E,4
SEN,E,#1366356,Control,8,5,2,11,14,Control.8.SEN,Control.8.E,62,F,8,,42,B,6
Adult,H,#1090465,TGFb,3,5,2,11,14,TGFb.3.Adult,TGFb.3.H,63,G,8,,37,E,5
HDFn,B,#1366356,Control,0.5,5,2,11,14,Control.0.5.HDFn,Control.0.5.B,64,H,8,,61,E,8
HDFn,B,#1366356,Control,1,5,2,11,14,Control.1.HDFn,Control.1.B,65,A,9,,13,E,2
HDFn,B,#1366356,Control,96,5,2,11,14,Control.96.HDFn,Control.96.B,66,B,9,,17,A,3
Adult,H,#1090465,TGFb,48,5,2,11,14,TGFb.48.Adult,TGFb.48.H,67,C,9,,35,C,5
HDFn,B,#1366356,TGFb,72,5,2,11,14,TGFb.72.HDFn,TGFb.72.B,68,D,9,,12,D,2
SEN,E,#1366356,Control,72,5,2,11,14,Control.72.SEN,Control.72.E,69,E,9,,3,C,1
HDFn,B,#1366356,TGFb,24,5,2,11,14,TGFb.24.HDFn,TGFb.24.B,70,F,9,,25,A,4
Adult,H,#1090465,TGFb,12,5,2,11,14,TGFb.12.Adult,TGFb.12.H,71,G,9,,9,A,2
Adult,H,#1090465,TGFb,96,5,2,11,14,TGFb.96.Adult,TGFb.96.H,72,H,9,,26,B,4
Adult,I,#200910-901,Control,4,5,3,17,15,Control.4.Adult,Control.4.I,1,A,1,,44,D,6
Adult,I,#200910-901,TGFb,12,5,3,17,15,TGFb.12.Adult,TGFb.12.I,2,B,1,,6,F,1
HDFn,C,#1206197,TGFb,8,5,3,17,15,TGFb.8.HDFn,TGFb.8.C,3,C,1,,10,B,2
SEN,F,#1206197,Control,1,5,3,17,15,Control.1.SEN,Control.1.F,4,D,1,,63,G,8
HDFn,C,#1206197,Control,1,5,3,17,15,Control.1.HDFn,Control.1.C,5,E,1,,19,C,3
HDFn,C,#1206197,Control,8,5,3,17,15,Control.8.HDFn,Control.8.C,6,F,1,,51,C,7
SEN,F,#1206197,Control,4,5,3,17,15,Control.4.SEN,Control.4.F,7,G,1,,31,G,4
Adult,I,#200910-901,Control,72,5,3,17,15,Control.72.Adult,Control.72.I,8,H,1,,40,H,5
SEN,F,#1206197,Control,2,5,3,17,15,Control.2.SEN,Control.2.F,9,A,2,,46,F,6
HDFn,C,#1206197,Control,72,5,3,17,15,Control.72.HDFn,Control.72.C,10,B,2,,68,D,9
Adult,I,#200910-901,Control,2,5,3,17,15,Control.2.Adult,Control.2.I,11,C,2,,62,F,8
HDFn,C,#1206197,TGFb,48,5,3,17,15,TGFb.48.HDFn,TGFb.48.C,12,D,2,,3,C,1
SEN,F,#1206197,TGFb,48,5,3,17,15,TGFb.48.SEN,TGFb.48.F,13,E,2,,65,A,9
SEN,F,#1206197,Control,3,5,3,17,15,Control.3.SEN,Control.3.F,14,F,2,,11,C,2
HDFn,C,#1206197,Control,0.5,5,3,17,15,Control.0.5.HDFn,Control.0.5.C,15,G,2,,21,E,3
Adult,I,#200910-901,TGFb,8,5,3,17,15,TGFb.8.Adult,TGFb.8.I,16,H,2,,70,F,9
Adult,I,#200910-901,Control,8,5,3,17,15,Control.8.Adult,Control.8.I,17,A,3,,2,B,1
HDFn,C,#1206197,TGFb,1,5,3,17,15,TGFb.1.HDFn,TGFb.1.C,18,B,3,,16,H,2
HDFn,C,#1206197,Baseline,96,5,3,17,15,Baseline.96.HDFn,Baseline.96.C,19,C,3,,1,A,1
SEN,F,#1206197,Baseline,0,5,3,17,15,Baseline.0.SEN,Baseline.0.F,20,D,3,,35,C,5
SEN,F,#1206197,Control,0.5,5,3,17,15,Control.0.5.SEN,Control.0.5.F,21,E,3,,38,F,5
HDFn,C,#1206197,TGFb,12,5,3,17,15,TGFb.12.HDFn,TGFb.12.C,22,F,3,,29,E,4
HDFn,C,#1206197,Control,96,5,3,17,15,Control.96.HDFn,Control.96.C,23,G,3,,26,B,4
HDFn,C,#1206197,Control,24,5,3,17,15,Control.24.HDFn,Control.24.C,24,H,3,,52,D,7
Adult,I,#200910-901,TGFb,3,5,3,17,15,TGFb.3.Adult,TGFb.3.I,25,A,4,,66,B,9
Adult,I,#200910-901,TGFb,0.5,5,3,17,15,TGFb.0.5.Adult,TGFb.0.5.I,26,B,4,,8,H,1
Adult,I,#200910-901,Control,48,5,3,17,15,Control.48.Adult,Control.48.I,27,C,4,,56,H,7
SEN,F,#1206197,TGFb,24,5,3,17,15,TGFb.24.SEN,TGFb.24.F,28,D,4,,9,A,2
HDFn,C,#1206197,Control,12,5,3,17,15,Control.12.HDFn,Control.12.C,29,E,4,,14,F,2
Adult,I,#200910-901,Baseline,96,5,3,17,15,Baseline.96.Adult,Baseline.96.I,30,F,4,,32,H,4
HDFn,C,#1206197,Baseline,0,5,3,17,15,Baseline.0.HDFn,Baseline.0.C,31,G,4,,58,B,8
HDFn,C,#1206197,TGFb,0.5,5,3,17,15,TGFb.0.5.HDFn,TGFb.0.5.C,32,H,4,,55,G,7
SEN,F,#1206197,Baseline,96,5,3,17,15,Baseline.96.SEN,Baseline.96.F,33,A,5,,20,D,3
SEN,F,#1206197,TGFb,1,5,3,17,15,TGFb.1.SEN,TGFb.1.F,34,B,5,,59,C,8
SEN,F,#1206197,TGFb,4,5,3,17,15,TGFb.4.SEN,TGFb.4.F,35,C,5,,64,H,8
HDFn,C,#1206197,Control,4,5,3,17,15,Control.4.HDFn,Control.4.C,36,D,5,,7,G,1
SEN,F,#1206197,TGFb,8,5,3,17,15,TGFb.8.SEN,TGFb.8.F,37,E,5,,53,E,7
SEN,F,#1206197,Control,24,5,3,17,15,Control.24.SEN,Control.24.F,38,F,5,,5,E,1
SEN,F,#1206197,Control,12,5,3,17,15,Control.12.SEN,Control.12.F,39,G,5,,45,E,6
Adult,I,#200910-901,TGFb,72,5,3,17,15,TGFb.72.Adult,TGFb.72.I,40,H,5,,17,A,3
Adult,I,#200910-901,Control,12,5,3,17,15,Control.12.Adult,Control.12.I,41,A,6,,69,E,9
Adult,I,#200910-901,Control,3,5,3,17,15,Control.3.Adult,Control.3.I,42,B,6,,71,G,9
SEN,F,#1206197,TGFb,2,5,3,17,15,TGFb.2.SEN,TGFb.2.F,43,C,6,,34,B,5
Adult,I,#200910-901,TGFb,96,5,3,17,15,TGFb.96.Adult,TGFb.96.I,44,D,6,,39,G,5
SEN,F,#1206197,Control,48,5,3,17,15,Control.48.SEN,Control.48.F,45,E,6,,37,E,5
SEN,F,#1206197,TGFb,72,5,3,17,15,TGFb.72.SEN,TGFb.72.F,46,F,6,,42,B,6
SEN,F,#1206197,TGFb,12,5,3,17,15,TGFb.12.SEN,TGFb.12.F,47,G,6,,27,C,4
SEN,F,#1206197,TGFb,0.5,5,3,17,15,TGFb.0.5.SEN,TGFb.0.5.F,48,H,6,,28,D,4
SEN,F,#1206197,TGFb,96,5,3,17,15,TGFb.96.SEN,TGFb.96.F,49,A,7,,49,A,7
HDFn,C,#1206197,TGFb,2,5,3,17,15,TGFb.2.HDFn,TGFb.2.C,50,B,7,,67,C,9
Adult,I,#200910-901,Control,0.5,5,3,17,15,Control.0.5.Adult,Control.0.5.I,51,C,7,,72,H,9
SEN,F,#1206197,TGFb,3,5,3,17,15,TGFb.3.SEN,TGFb.3.F,52,D,7,,36,D,5
HDFn,C,#1206197,Control,48,5,3,17,15,Control.48.HDFn,Control.48.C,53,E,7,,33,A,5
HDFn,C,#1206197,TGFb,24,5,3,17,15,TGFb.24.HDFn,TGFb.24.C,54,F,7,,15,G,2
Adult,I,#200910-901,TGFb,48,5,3,17,15,TGFb.48.Adult,TGFb.48.I,55,G,7,,22,F,3
Adult,I,#200910-901,TGFb,1,5,3,17,15,TGFb.1.Adult,TGFb.1.I,56,H,7,,25,A,4
HDFn,C,#1206197,Control,2,5,3,17,15,Control.2.HDFn,Control.2.C,57,A,8,,54,F,7
SEN,F,#1206197,Control,8,5,3,17,15,Control.8.SEN,Control.8.F,58,B,8,,24,H,3
Adult,I,#200910-901,Control,1,5,3,17,15,Control.1.Adult,Control.1.I,59,C,8,,60,D,8
Adult,I,#200910-901,Baseline,0,5,3,17,15,Baseline.0.Adult,Baseline.0.I,60,D,8,,13,E,2
Adult,I,#200910-901,Control,24,5,3,17,15,Control.24.Adult,Control.24.I,61,E,8,,23,G,3
Adult,I,#200910-901,TGFb,24,5,3,17,15,TGFb.24.Adult,TGFb.24.I,62,F,8,,48,H,6
HDFn,C,#1206197,TGFb,96,5,3,17,15,TGFb.96.HDFn,TGFb.96.C,63,G,8,,57,A,8
SEN,F,#1206197,Control,72,5,3,17,15,Control.72.SEN,Control.72.F,64,H,8,,47,G,6
Adult,I,#200910-901,TGFb,4,5,3,17,15,TGFb.4.Adult,TGFb.4.I,65,A,9,,18,B,3
Adult,I,#200910-901,Control,96,5,3,17,15,Control.96.Adult,Control.96.I,66,B,9,,4,D,1
HDFn,C,#1206197,Control,3,5,3,17,15,Control.3.HDFn,Control.3.C,67,C,9,,61,E,8
SEN,F,#1206197,Control,96,5,3,17,15,Control.96.SEN,Control.96.F,68,D,9,,43,C,6
Adult,I,#200910-901,TGFb,2,5,3,17,15,TGFb.2.Adult,TGFb.2.I,69,E,9,,41,A,6
HDFn,C,#1206197,TGFb,3,5,3,17,15,TGFb.3.HDFn,TGFb.3.C,70,F,9,,12,D,2
HDFn,C,#1206197,TGFb,4,5,3,17,15,TGFb.4.HDFn,TGFb.4.C,71,G,9,,50,B,7
HDFn,C,#1206197,TGFb,72,5,3,17,15,TGFb.72.HDFn,TGFb.72.C,72,H,9,,30,F,4
HDFn,C,#1206197,Control,0.5,6,3,18,16,Control.0.5.HDFn,Control.0.5.C,1,A,1,,14,F,2
SEN,F,#1206197,Control,3,6,3,18,16,Control.3.SEN,Control.3.F,2,B,1,,61,E,8
SEN,F,#1206197,TGFb,24,6,3,18,16,TGFb.24.SEN,TGFb.24.F,3,C,1,,44,D,6
HDFn,C,#1206197,Baseline,96,6,3,18,16,Baseline.96.HDFn,Baseline.96.C,4,D,1,,55,G,7
SEN,F,#1206197,Control,72,6,3,18,16,Control.72.SEN,Control.72.F,5,E,1,,70,F,9
Adult,I,#200910-901,TGFb,8,6,3,18,16,TGFb.8.Adult,TGFb.8.I,6,F,1,,64,H,8
Adult,I,#200910-901,Control,48,6,3,18,16,Control.48.Adult,Control.48.I,7,G,1,,29,E,4
Adult,I,#200910-901,Control,12,6,3,18,16,Control.12.Adult,Control.12.I,8,H,1,,26,B,4
Adult,I,#200910-901,TGFb,24,6,3,18,16,TGFb.24.Adult,TGFb.24.I,9,A,2,,11,C,2
SEN,F,#1206197,Control,0.5,6,3,18,16,Control.0.5.SEN,Control.0.5.F,10,B,2,,57,A,8
Adult,I,#200910-901,Baseline,0,6,3,18,16,Baseline.0.Adult,Baseline.0.I,11,C,2,,4,D,1
SEN,F,#1206197,TGFb,4,6,3,18,16,TGFb.4.SEN,TGFb.4.F,12,D,2,,48,H,6
HDFn,C,#1206197,TGFb,8,6,3,18,16,TGFb.8.HDFn,TGFb.8.C,13,E,2,,32,H,4
SEN,F,#1206197,Control,48,6,3,18,16,Control.48.SEN,Control.48.F,14,F,2,,25,A,4
Adult,I,#200910-901,TGFb,72,6,3,18,16,TGFb.72.Adult,TGFb.72.I,15,G,2,,62,F,8
Adult,I,#200910-901,Baseline,96,6,3,18,16,Baseline.96.Adult,Baseline.96.I,16,H,2,,53,E,7
HDFn,C,#1206197,TGFb,96,6,3,18,16,TGFb.96.HDFn,TGFb.96.C,17,A,3,,72,H,9
HDFn,C,#1206197,Control,12,6,3,18,16,Control.12.HDFn,Control.12.C,18,B,3,,58,B,8
HDFn,C,#1206197,Control,48,6,3,18,16,Control.48.HDFn,Control.48.C,19,C,3,,19,C,3
Adult,I,#200910-901,Control,96,6,3,18,16,Control.96.Adult,Control.96.I,20,D,3,,50,B,7
HDFn,C,#1206197,TGFb,2,6,3,18,16,TGFb.2.HDFn,TGFb.2.C,21,E,3,,60,D,8
HDFn,C,#1206197,Control,2,6,3,18,16,Control.2.HDFn,Control.2.C,22,F,3,,66,B,9
SEN,F,#1206197,TGFb,8,6,3,18,16,TGFb.8.SEN,TGFb.8.F,23,G,3,,18,B,3
Adult,I,#200910-901,Control,1,6,3,18,16,Control.1.Adult,Control.1.I,24,H,3,,42,B,6
SEN,F,#1206197,TGFb,72,6,3,18,16,TGFb.72.SEN,TGFb.72.F,25,A,4,,24,H,3
Adult,I,#200910-901,Control,8,6,3,18,16,Control.8.Adult,Control.8.I,26,B,4,,31,G,4
Adult,I,#200910-901,Control,3,6,3,18,16,Control.3.Adult,Control.3.I,27,C,4,,21,E,3
SEN,F,#1206197,TGFb,2,6,3,18,16,TGFb.2.SEN,TGFb.2.F,28,D,4,,22,F,3
SEN,F,#1206197,TGFb,96,6,3,18,16,TGFb.96.SEN,TGFb.96.F,29,E,4,,13,E,2
Adult,I,#200910-901,Control,24,6,3,18,16,Control.24.Adult,Control.24.I,30,F,4,,56,H,7
HDFn,C,#1206197,TGFb,12,6,3,18,16,TGFb.12.HDFn,TGFb.12.C,31,G,4,,9,A,2
Adult,I,#200910-901,Control,2,6,3,18,16,Control.2.Adult,Control.2.I,32,H,4,,12,D,2
SEN,F,#1206197,Control,8,6,3,18,16,Control.8.SEN,Control.8.F,33,A,5,,47,G,6
SEN,F,#1206197,TGFb,0.5,6,3,18,16,TGFb.0.5.SEN,TGFb.0.5.F,34,B,5,,1,A,1
HDFn,C,#1206197,TGFb,48,6,3,18,16,TGFb.48.HDFn,TGFb.48.C,35,C,5,,23,G,3
Adult,I,#200910-901,TGFb,1,6,3,18,16,TGFb.1.Adult,TGFb.1.I,36,D,5,,34,B,5
SEN,F,#1206197,Baseline,0,6,3,18,16,Baseline.0.SEN,Baseline.0.F,37,E,5,,52,D,7
Adult,I,#200910-901,TGFb,48,6,3,18,16,TGFb.48.Adult,TGFb.48.I,38,F,5,,33,A,5
SEN,F,#1206197,TGFb,48,6,3,18,16,TGFb.48.SEN,TGFb.48.F,39,G,5,,45,E,6
Adult,I,#200910-901,Control,0.5,6,3,18,16,Control.0.5.Adult,Control.0.5.I,40,H,5,,46,F,6
HDFn,C,#1206197,Control,3,6,3,18,16,Control.3.HDFn,Control.3.C,41,A,6,,68,D,9
HDFn,C,#1206197,Baseline,0,6,3,18,16,Baseline.0.HDFn,Baseline.0.C,42,B,6,,20,D,3
SEN,F,#1206197,Control,4,6,3,18,16,Control.4.SEN,Control.4.F,43,C,6,,17,A,3
HDFn,C,#1206197,Control,1,6,3,18,16,Control.1.HDFn,Control.1.C,44,D,6,,49,A,7
HDFn,C,#1206197,TGFb,24,6,3,18,16,TGFb.24.HDFn,TGFb.24.C,45,E,6,,35,C,5
Adult,I,#200910-901,TGFb,3,6,3,18,16,TGFb.3.Adult,TGFb.3.I,46,F,6,,3,C,1
HDFn,C,#1206197,TGFb,72,6,3,18,16,TGFb.72.HDFn,TGFb.72.C,47,G,6,,65,A,9
SEN,F,#1206197,Control,24,6,3,18,16,Control.24.SEN,Control.24.F,48,H,6,,43,C,6
Adult,I,#200910-901,Control,72,6,3,18,16,Control.72.Adult,Control.72.I,49,A,7,,15,G,2
HDFn,C,#1206197,TGFb,3,6,3,18,16,TGFb.3.HDFn,TGFb.3.C,50,B,7,,51,C,7
Adult,I,#200910-901,TGFb,2,6,3,18,16,TGFb.2.Adult,TGFb.2.I,51,C,7,,30,F,4
SEN,F,#1206197,Baseline,96,6,3,18,16,Baseline.96.SEN,Baseline.96.F,52,D,7,,5,E,1
HDFn,C,#1206197,Control,4,6,3,18,16,Control.4.HDFn,Control.4.C,53,E,7,,36,D,5
Adult,I,#200910-901,Control,4,6,3,18,16,Control.4.Adult,Control.4.I,54,F,7,,40,H,5
SEN,F,#1206197,Control,1,6,3,18,16,Control.1.SEN,Control.1.F,55,G,7,,67,C,9
HDFn,C,#1206197,TGFb,4,6,3,18,16,TGFb.4.HDFn,TGFb.4.C,56,H,7,,59,C,8
SEN,F,#1206197,Control,96,6,3,18,16,Control.96.SEN,Control.96.F,57,A,8,,7,G,1
HDFn,C,#1206197,Control,96,6,3,18,16,Control.96.HDFn,Control.96.C,58,B,8,,63,G,8
SEN,F,#1206197,TGFb,1,6,3,18,16,TGFb.1.SEN,TGFb.1.F,59,C,8,,41,A,6
Adult,I,#200910-901,TGFb,4,6,3,18,16,TGFb.4.Adult,TGFb.4.I,60,D,8,,28,D,4
Adult,I,#200910-901,TGFb,0.5,6,3,18,16,TGFb.0.5.Adult,TGFb.0.5.I,61,E,8,,10,B,2
SEN,F,#1206197,TGFb,12,6,3,18,16,TGFb.12.SEN,TGFb.12.F,62,F,8,,37,E,5
HDFn,C,#1206197,Control,72,6,3,18,16,Control.72.HDFn,Control.72.C,63,G,8,,38,F,5
SEN,F,#1206197,TGFb,3,6,3,18,16,TGFb.3.SEN,TGFb.3.F,64,H,8,,71,G,9
HDFn,C,#1206197,Control,24,6,3,18,16,Control.24.HDFn,Control.24.C,65,A,9,,27,C,4
HDFn,C,#1206197,Control,8,6,3,18,16,Control.8.HDFn,Control.8.C,66,B,9,,8,H,1
Adult,I,#200910-901,TGFb,96,6,3,18,16,TGFb.96.Adult,TGFb.96.I,67,C,9,,16,H,2
HDFn,C,#1206197,TGFb,1,6,3,18,16,TGFb.1.HDFn,TGFb.1.C,68,D,9,,6,F,1
HDFn,C,#1206197,TGFb,0.5,6,3,18,16,TGFb.0.5.HDFn,TGFb.0.5.C,69,E,9,,2,B,1
SEN,F,#1206197,Control,12,6,3,18,16,Control.12.SEN,Control.12.F,70,F,9,,54,F,7
Adult,I,#200910-901,TGFb,12,6,3,18,16,TGFb.12.Adult,TGFb.12.I,71,G,9,,69,E,9
SEN,F,#1206197,Control,2,6,3,18,16,Control.2.SEN,Control.2.F,72,H,9,,39,G,5
SEN,E,#1366356,Control,3,6,2,12,17,Control.3.SEN,Control.3.E,1,A,1,,44,D,6
HDFn,B,#1366356,TGFb,0.5,6,2,12,17,TGFb.0.5.HDFn,TGFb.0.5.B,2,B,1,,8,H,1
SEN,E,#1366356,TGFb,48,6,2,12,17,TGFb.48.SEN,TGFb.48.E,3,C,1,,67,C,9
SEN,E,#1366356,Control,8,6,2,12,17,Control.8.SEN,Control.8.E,4,D,1,,14,F,2
Adult,H,#1090465,Control,24,6,2,12,17,Control.24.Adult,Control.24.H,5,E,1,,43,C,6
SEN,E,#1366356,TGFb,72,6,2,12,17,TGFb.72.SEN,TGFb.72.E,6,F,1,,39,G,5
Adult,H,#1090465,Control,4,6,2,12,17,Control.4.Adult,Control.4.H,7,G,1,,13,E,2
HDFn,B,#1366356,TGFb,72,6,2,12,17,TGFb.72.HDFn,TGFb.72.B,8,H,1,,40,H,5
HDFn,B,#1366356,TGFb,4,6,2,12,17,TGFb.4.HDFn,TGFb.4.B,9,A,2,,53,E,7
Adult,H,#1090465,Baseline,0,6,2,12,17,Baseline.0.Adult,Baseline.0.H,10,B,2,,23,G,3
HDFn,B,#1366356,Control,72,6,2,12,17,Control.72.HDFn,Control.72.B,11,C,2,,22,F,3
Adult,H,#1090465,TGFb,2,6,2,12,17,TGFb.2.Adult,TGFb.2.H,12,D,2,,30,F,4
Adult,H,#1090465,Baseline,96,6,2,12,17,Baseline.96.Adult,Baseline.96.H,13,E,2,,2,B,1
SEN,E,#1366356,TGFb,12,6,2,12,17,TGFb.12.SEN,TGFb.12.E,14,F,2,,16,H,2
Adult,H,#1090465,TGFb,0.5,6,2,12,17,TGFb.0.5.Adult,TGFb.0.5.H,15,G,2,,17,A,3
SEN,E,#1366356,Control,4,6,2,12,17,Control.4.SEN,Control.4.E,16,H,2,,63,G,8
Adult,H,#1090465,TGFb,96,6,2,12,17,TGFb.96.Adult,TGFb.96.H,17,A,3,,55,G,7
SEN,E,#1366356,TGFb,96,6,2,12,17,TGFb.96.SEN,TGFb.96.E,18,B,3,,4,D,1
SEN,E,#1366356,Control,96,6,2,12,17,Control.96.SEN,Control.96.E,19,C,3,,18,B,3
Adult,H,#1090465,Control,48,6,2,12,17,Control.48.Adult,Control.48.H,20,D,3,,65,A,9
HDFn,B,#1366356,Control,8,6,2,12,17,Control.8.HDFn,Control.8.B,21,E,3,,52,D,7
HDFn,B,#1366356,Control,12,6,2,12,17,Control.12.HDFn,Control.12.B,22,F,3,,5,E,1
HDFn,B,#1366356,Control,96,6,2,12,17,Control.96.HDFn,Control.96.B,23,G,3,,59,C,8
Adult,H,#1090465,Control,72,6,2,12,17,Control.72.Adult,Control.72.H,24,H,3,,34,B,5
Adult,H,#1090465,TGFb,8,6,2,12,17,TGFb.8.Adult,TGFb.8.H,25,A,4,,33,A,5
SEN,E,#1366356,TGFb,0.5,6,2,12,17,TGFb.0.5.SEN,TGFb.0.5.E,26,B,4,,69,E,9
HDFn,B,#1366356,TGFb,3,6,2,12,17,TGFb.3.HDFn,TGFb.3.B,27,C,4,,46,F,6
SEN,E,#1366356,TGFb,24,6,2,12,17,TGFb.24.SEN,TGFb.24.E,28,D,4,,71,G,9
Adult,H,#1090465,Control,3,6,2,12,17,Control.3.Adult,Control.3.H,29,E,4,,10,B,2
SEN,E,#1366356,Control,24,6,2,12,17,Control.24.SEN,Control.24.E,30,F,4,,21,E,3
SEN,E,#1366356,TGFb,1,6,2,12,17,TGFb.1.SEN,TGFb.1.E,31,G,4,,37,E,5
HDFn,B,#1366356,TGFb,24,6,2,12,17,TGFb.24.HDFn,TGFb.24.B,32,H,4,,62,F,8
Adult,H,#1090465,TGFb,48,6,2,12,17,TGFb.48.Adult,TGFb.48.H,33,A,5,,57,A,8
SEN,E,#1366356,Control,72,6,2,12,17,Control.72.SEN,Control.72.E,34,B,5,,60,D,8
HDFn,B,#1366356,TGFb,48,6,2,12,17,TGFb.48.HDFn,TGFb.48.B,35,C,5,,24,H,3
Adult,H,#1090465,TGFb,24,6,2,12,17,TGFb.24.Adult,TGFb.24.H,36,D,5,,20,D,3
HDFn,B,#1366356,Control,48,6,2,12,17,Control.48.HDFn,Control.48.B,37,E,5,,7,G,1
Adult,H,#1090465,TGFb,4,6,2,12,17,TGFb.4.Adult,TGFb.4.H,38,F,5,,35,C,5
HDFn,B,#1366356,TGFb,1,6,2,12,17,TGFb.1.HDFn,TGFb.1.B,39,G,5,,6,F,1
Adult,H,#1090465,Control,12,6,2,12,17,Control.12.Adult,Control.12.H,40,H,5,,28,D,4
HDFn,B,#1366356,TGFb,12,6,2,12,17,TGFb.12.HDFn,TGFb.12.B,41,A,6,,31,G,4
HDFn,B,#1366356,Control,0.5,6,2,12,17,Control.0.5.HDFn,Control.0.5.B,42,B,6,,54,F,7
SEN,E,#1366356,Baseline,0,6,2,12,17,Baseline.0.SEN,Baseline.0.E,43,C,6,,58,B,8
HDFn,B,#1366356,Control,2,6,2,12,17,Control.2.HDFn,Control.2.B,44,D,6,,32,H,4
HDFn,B,#1366356,Baseline,96,6,2,12,17,Baseline.96.HDFn,Baseline.96.B,45,E,6,,70,F,9
SEN,E,#1366356,Control,2,6,2,12,17,Control.2.SEN,Control.2.E,46,F,6,,61,E,8
Adult,H,#1090465,TGFb,72,6,2,12,17,TGFb.72.Adult,TGFb.72.H,47,G,6,,42,B,6
SEN,E,#1366356,Control,1,6,2,12,17,Control.1.SEN,Control.1.E,48,H,6,,56,H,7
SEN,E,#1366356,TGFb,4,6,2,12,17,TGFb.4.SEN,TGFb.4.E,49,A,7,,45,E,6
SEN,E,#1366356,Control,12,6,2,12,17,Control.12.SEN,Control.12.E,50,B,7,,12,D,2
HDFn,B,#1366356,TGFb,8,6,2,12,17,TGFb.8.HDFn,TGFb.8.B,51,C,7,,1,A,1
HDFn,B,#1366356,Control,1,6,2,12,17,Control.1.HDFn,Control.1.B,52,D,7,,64,H,8
Adult,H,#1090465,TGFb,12,6,2,12,17,TGFb.12.Adult,TGFb.12.H,53,E,7,,72,H,9
SEN,E,#1366356,TGFb,8,6,2,12,17,TGFb.8.SEN,TGFb.8.E,54,F,7,,26,B,4
Adult,H,#1090465,Control,1,6,2,12,17,Control.1.Adult,Control.1.H,55,G,7,,49,A,7
SEN,E,#1366356,Control,48,6,2,12,17,Control.48.SEN,Control.48.E,56,H,7,,68,D,9
Adult,H,#1090465,Control,96,6,2,12,17,Control.96.Adult,Control.96.H,57,A,8,,27,C,4
SEN,E,#1366356,TGFb,2,6,2,12,17,TGFb.2.SEN,TGFb.2.E,58,B,8,,36,D,5
HDFn,B,#1366356,Control,3,6,2,12,17,Control.3.HDFn,Control.3.B,59,C,8,,41,A,6
HDFn,B,#1366356,TGFb,2,6,2,12,17,TGFb.2.HDFn,TGFb.2.B,60,D,8,,3,C,1
HDFn,B,#1366356,Control,24,6,2,12,17,Control.24.HDFn,Control.24.B,61,E,8,,25,A,4
Adult,H,#1090465,Control,0.5,6,2,12,17,Control.0.5.Adult,Control.0.5.H,62,F,8,,50,B,7
HDFn,B,#1366356,TGFb,96,6,2,12,17,TGFb.96.HDFn,TGFb.96.B,63,G,8,,11,C,2
SEN,E,#1366356,Control,0.5,6,2,12,17,Control.0.5.SEN,Control.0.5.E,64,H,8,,51,C,7
HDFn,B,#1366356,Baseline,0,6,2,12,17,Baseline.0.HDFn,Baseline.0.B,65,A,9,,15,G,2
Adult,H,#1090465,TGFb,1,6,2,12,17,TGFb.1.Adult,TGFb.1.H,66,B,9,,48,H,6
SEN,E,#1366356,TGFb,3,6,2,12,17,TGFb.3.SEN,TGFb.3.E,67,C,9,,9,A,2
Adult,H,#1090465,Control,2,6,2,12,17,Control.2.Adult,Control.2.H,68,D,9,,19,C,3
Adult,H,#1090465,Control,8,6,2,12,17,Control.8.Adult,Control.8.H,69,E,9,,38,F,5
Adult,H,#1090465,TGFb,3,6,2,12,17,TGFb.3.Adult,TGFb.3.H,70,F,9,,47,G,6
HDFn,B,#1366356,Control,4,6,2,12,17,Control.4.HDFn,Control.4.B,71,G,9,,29,E,4
SEN,E,#1366356,Baseline,96,6,2,12,17,Baseline.96.SEN,Baseline.96.E,72,H,9,,66,B,9
Adult,G,#1528526,TGFb,4,6,1,6,18,TGFb.4.Adult,TGFb.4.G,1,A,1,,38,F,5
HDFn,A,#1366434,Baseline,0,6,1,6,18,Baseline.0.HDFn,Baseline.0.A,2,B,1,,66,B,9
Adult,G,#1528526,TGFb,0.5,6,1,6,18,TGFb.0.5.Adult,TGFb.0.5.G,3,C,1,,46,F,6
HDFn,A,#1366434,TGFb,48,6,1,6,18,TGFb.48.HDFn,TGFb.48.A,4,D,1,,43,C,6
SEN,D,#1366434,Baseline,96,6,1,6,18,Baseline.96.SEN,Baseline.96.D,5,E,1,,6,F,1
SEN,D,#1366434,Control,3,6,1,6,18,Control.3.SEN,Control.3.D,6,F,1,,53,E,7
Adult,G,#1528526,Control,8,6,1,6,18,Control.8.Adult,Control.8.G,7,G,1,,13,E,2
Adult,G,#1528526,Control,4,6,1,6,18,Control.4.Adult,Control.4.G,8,H,1,,63,G,8
HDFn,A,#1366434,TGFb,0.5,6,1,6,18,TGFb.0.5.HDFn,TGFb.0.5.A,9,A,2,,7,G,1
HDFn,A,#1366434,TGFb,1,6,1,6,18,TGFb.1.HDFn,TGFb.1.A,10,B,2,,39,G,5
SEN,D,#1366434,Control,72,6,1,6,18,Control.72.SEN,Control.72.D,11,C,2,,20,D,3
HDFn,A,#1366434,TGFb,3,6,1,6,18,TGFb.3.HDFn,TGFb.3.A,12,D,2,,31,G,4
Adult,G,#1528526,TGFb,48,6,1,6,18,TGFb.48.Adult,TGFb.48.G,13,E,2,,60,D,8
HDFn,A,#1366434,TGFb,12,6,1,6,18,TGFb.12.HDFn,TGFb.12.A,14,F,2,,14,F,2
SEN,D,#1366434,TGFb,96,6,1,6,18,TGFb.96.SEN,TGFb.96.D,15,G,2,,71,G,9
Adult,G,#1528526,TGFb,24,6,1,6,18,TGFb.24.Adult,TGFb.24.G,16,H,2,,56,H,7
HDFn,A,#1366434,Control,12,6,1,6,18,Control.12.HDFn,Control.12.A,17,A,3,,23,G,3
Adult,G,#1528526,Baseline,96,6,1,6,18,Baseline.96.Adult,Baseline.96.G,18,B,3,,69,E,9
Adult,G,#1528526,Control,12,6,1,6,18,Control.12.Adult,Control.12.G,19,C,3,,15,G,2
SEN,D,#1366434,Control,24,6,1,6,18,Control.24.SEN,Control.24.D,20,D,3,,4,D,1
SEN,D,#1366434,Baseline,0,6,1,6,18,Baseline.0.SEN,Baseline.0.D,21,E,3,,3,C,1
Adult,G,#1528526,Control,2,6,1,6,18,Control.2.Adult,Control.2.G,22,F,3,,72,H,9
SEN,D,#1366434,TGFb,1,6,1,6,18,TGFb.1.SEN,TGFb.1.D,23,G,3,,61,E,8
SEN,D,#1366434,TGFb,24,6,1,6,18,TGFb.24.SEN,TGFb.24.D,24,H,3,,52,D,7
HDFn,A,#1366434,TGFb,4,6,1,6,18,TGFb.4.HDFn,TGFb.4.A,25,A,4,,70,F,9
SEN,D,#1366434,TGFb,8,6,1,6,18,TGFb.8.SEN,TGFb.8.D,26,B,4,,49,A,7
HDFn,A,#1366434,TGFb,8,6,1,6,18,TGFb.8.HDFn,TGFb.8.A,27,C,4,,37,E,5
Adult,G,#1528526,Control,1,6,1,6,18,Control.1.Adult,Control.1.G,28,D,4,,47,G,6
HDFn,A,#1366434,TGFb,24,6,1,6,18,TGFb.24.HDFn,TGFb.24.A,29,E,4,,41,A,6
Adult,G,#1528526,TGFb,1,6,1,6,18,TGFb.1.Adult,TGFb.1.G,30,F,4,,67,C,9
HDFn,A,#1366434,Control,4,6,1,6,18,Control.4.HDFn,Control.4.A,31,G,4,,26,B,4
Adult,G,#1528526,Control,48,6,1,6,18,Control.48.Adult,Control.48.G,32,H,4,,9,A,2
HDFn,A,#1366434,Control,72,6,1,6,18,Control.72.HDFn,Control.72.A,33,A,5,,45,E,6
Adult,G,#1528526,TGFb,72,6,1,6,18,TGFb.72.Adult,TGFb.72.G,34,B,5,,33,A,5
SEN,D,#1366434,Control,2,6,1,6,18,Control.2.SEN,Control.2.D,35,C,5,,51,C,7
SEN,D,#1366434,Control,96,6,1,6,18,Control.96.SEN,Control.96.D,36,D,5,,25,A,4
SEN,D,#1366434,TGFb,3,6,1,6,18,TGFb.3.SEN,TGFb.3.D,37,E,5,,17,A,3
SEN,D,#1366434,Control,1,6,1,6,18,Control.1.SEN,Control.1.D,38,F,5,,19,C,3
Adult,G,#1528526,TGFb,96,6,1,6,18,TGFb.96.Adult,TGFb.96.G,39,G,5,,42,B,6
Adult,G,#1528526,Baseline,0,6,1,6,18,Baseline.0.Adult,Baseline.0.G,40,H,5,,48,H,6
SEN,D,#1366434,Control,4,6,1,6,18,Control.4.SEN,Control.4.D,41,A,6,,68,D,9
Adult,G,#1528526,TGFb,2,6,1,6,18,TGFb.2.Adult,TGFb.2.G,42,B,6,,34,B,5
SEN,D,#1366434,TGFb,48,6,1,6,18,TGFb.48.SEN,TGFb.48.D,43,C,6,,35,C,5
Adult,G,#1528526,TGFb,3,6,1,6,18,TGFb.3.Adult,TGFb.3.G,44,D,6,,28,D,4
HDFn,A,#1366434,TGFb,96,6,1,6,18,TGFb.96.HDFn,TGFb.96.A,45,E,6,,55,G,7
Adult,G,#1528526,TGFb,12,6,1,6,18,TGFb.12.Adult,TGFb.12.G,46,F,6,,12,D,2
HDFn,A,#1366434,Baseline,96,6,1,6,18,Baseline.96.HDFn,Baseline.96.A,47,G,6,,36,D,5
SEN,D,#1366434,TGFb,12,6,1,6,18,TGFb.12.SEN,TGFb.12.D,48,H,6,,62,F,8
Adult,G,#1528526,Control,0.5,6,1,6,18,Control.0.5.Adult,Control.0.5.G,49,A,7,,8,H,1
HDFn,A,#1366434,Control,24,6,1,6,18,Control.24.HDFn,Control.24.A,50,B,7,,18,B,3
Adult,G,#1528526,Control,3,6,1,6,18,Control.3.Adult,Control.3.G,51,C,7,,44,D,6
HDFn,A,#1366434,TGFb,72,6,1,6,18,TGFb.72.HDFn,TGFb.72.A,52,D,7,,10,B,2
HDFn,A,#1366434,Control,48,6,1,6,18,Control.48.HDFn,Control.48.A,53,E,7,,16,H,2
Adult,G,#1528526,Control,96,6,1,6,18,Control.96.Adult,Control.96.G,54,F,7,,29,E,4
SEN,D,#1366434,Control,8,6,1,6,18,Control.8.SEN,Control.8.D,55,G,7,,58,B,8
Adult,G,#1528526,Control,24,6,1,6,18,Control.24.Adult,Control.24.G,56,H,7,,5,E,1
HDFn,A,#1366434,Control,0.5,6,1,6,18,Control.0.5.HDFn,Control.0.5.A,57,A,8,,24,H,3
HDFn,A,#1366434,Control,2,6,1,6,18,Control.2.HDFn,Control.2.A,58,B,8,,30,F,4
Adult,G,#1528526,Control,72,6,1,6,18,Control.72.Adult,Control.72.G,59,C,8,,64,H,8
SEN,D,#1366434,TGFb,4,6,1,6,18,TGFb.4.SEN,TGFb.4.D,60,D,8,,59,C,8
HDFn,A,#1366434,Control,3,6,1,6,18,Control.3.HDFn,Control.3.A,61,E,8,,22,F,3
HDFn,A,#1366434,Control,8,6,1,6,18,Control.8.HDFn,Control.8.A,62,F,8,,54,F,7
SEN,D,#1366434,TGFb,2,6,1,6,18,TGFb.2.SEN,TGFb.2.D,63,G,8,,65,A,9
HDFn,A,#1366434,Control,1,6,1,6,18,Control.1.HDFn,Control.1.A,64,H,8,,50,B,7
SEN,D,#1366434,Control,0.5,6,1,6,18,Control.0.5.SEN,Control.0.5.D,65,A,9,,32,H,4
SEN,D,#1366434,Control,12,6,1,6,18,Control.12.SEN,Control.12.D,66,B,9,,1,A,1
SEN,D,#1366434,Control,48,6,1,6,18,Control.48.SEN,Control.48.D,67,C,9,,21,E,3
SEN,D,#1366434,TGFb,72,6,1,6,18,TGFb.72.SEN,TGFb.72.D,68,D,9,,57,A,8
HDFn,A,#1366434,TGFb,2,6,1,6,18,TGFb.2.HDFn,TGFb.2.A,69,E,9,,27,C,4
HDFn,A,#1366434,Control,96,6,1,6,18,Control.96.HDFn,Control.96.A,70,F,9,,2,B,1
Adult,G,#1528526,TGFb,8,6,1,6,18,TGFb.8.Adult,TGFb.8.G,71,G,9,,11,C,2
SEN,D,#1366434,TGFb,0.5,6,1,6,18,TGFb.0.5.SEN,TGFb.0.5.D,72,H,9,,40,H,5
